<?xml version="1.0" encoding="UTF-8"?>
<gpx version="1.1" creator="Just the Route" xmlns="http://www.topografix.com/GPX/1/1">
<trk><name>philadelphia-distance-run-2026.gpx</name><trkseg>
<trkpt lat="39.962272" lon="-75.176589"><ele>11.2</ele><time>2026-09-20T11:50:50.000Z</time></trkpt>
<trkpt lat="39.962259" lon="-75.176575"><ele>11.2</ele><time>2026-09-20T11:50:51.000Z</time></trkpt>
<trkpt lat="39.962172" lon="-75.176433"><ele>11.4</ele><time>2026-09-20T11:50:57.000Z</time></trkpt>
<trkpt lat="39.962160" lon="-75.176399"><ele>11.4</ele><time>2026-09-20T11:50:58.000Z</time></trkpt>
<trkpt lat="39.962151" lon="-75.176370"><ele>11.4</ele><time>2026-09-20T11:50:59.000Z</time></trkpt>
<trkpt lat="39.962110" lon="-75.176316"><ele>11.6</ele><time>2026-09-20T11:51:01.000Z</time></trkpt>
<trkpt lat="39.962032" lon="-75.176221"><ele>11.4</ele><time>2026-09-20T11:51:05.000Z</time></trkpt>
<trkpt lat="39.961904" lon="-75.176045"><ele>11.0</ele><time>2026-09-20T11:51:12.000Z</time></trkpt>
<trkpt lat="39.961882" lon="-75.176019"><ele>11.0</ele><time>2026-09-20T11:51:13.000Z</time></trkpt>
<trkpt lat="39.961771" lon="-75.175883"><ele>11.0</ele><time>2026-09-20T11:51:18.000Z</time></trkpt>
<trkpt lat="39.961692" lon="-75.175767"><ele>10.6</ele><time>2026-09-20T11:51:23.000Z</time></trkpt>
<trkpt lat="39.961601" lon="-75.175660"><ele>10.6</ele><time>2026-09-20T11:51:28.000Z</time></trkpt>
<trkpt lat="39.961590" lon="-75.175636"><ele>10.4</ele><time>2026-09-20T11:51:29.000Z</time></trkpt>
<trkpt lat="39.961456" lon="-75.175440"><ele>10.4</ele><time>2026-09-20T11:51:36.000Z</time></trkpt>
<trkpt lat="39.961421" lon="-75.175387"><ele>10.4</ele><time>2026-09-20T11:51:38.000Z</time></trkpt>
<trkpt lat="39.961405" lon="-75.175367"><ele>10.4</ele><time>2026-09-20T11:51:39.000Z</time></trkpt>
<trkpt lat="39.961277" lon="-75.175204"><ele>10.4</ele><time>2026-09-20T11:51:46.000Z</time></trkpt>
<trkpt lat="39.961169" lon="-75.175103"><ele>10.4</ele><time>2026-09-20T11:51:51.000Z</time></trkpt>
<trkpt lat="39.961112" lon="-75.175023"><ele>10.6</ele><time>2026-09-20T11:51:54.000Z</time></trkpt>
<trkpt lat="39.960972" lon="-75.174827"><ele>10.4</ele><time>2026-09-20T11:52:01.000Z</time></trkpt>
<trkpt lat="39.960946" lon="-75.174798"><ele>10.4</ele><time>2026-09-20T11:52:02.000Z</time></trkpt>
<trkpt lat="39.960817" lon="-75.174613"><ele>10.4</ele><time>2026-09-20T11:52:09.000Z</time></trkpt>
<trkpt lat="39.960799" lon="-75.174594"><ele>10.2</ele><time>2026-09-20T11:52:10.000Z</time></trkpt>
<trkpt lat="39.960674" lon="-75.174426"><ele>10.4</ele><time>2026-09-20T11:52:17.000Z</time></trkpt>
<trkpt lat="39.960627" lon="-75.174341"><ele>10.4</ele><time>2026-09-20T11:52:20.000Z</time></trkpt>
<trkpt lat="39.960556" lon="-75.174166"><ele>10.6</ele><time>2026-09-20T11:52:27.000Z</time></trkpt>
<trkpt lat="39.960511" lon="-75.174105"><ele>10.8</ele><time>2026-09-20T11:52:30.000Z</time></trkpt>
<trkpt lat="39.960356" lon="-75.173956"><ele>11.0</ele><time>2026-09-20T11:52:36.000Z</time></trkpt>
<trkpt lat="39.960332" lon="-75.173935"><ele>11.0</ele><time>2026-09-20T11:52:37.000Z</time></trkpt>
<trkpt lat="39.960198" lon="-75.173748"><ele>10.8</ele><time>2026-09-20T11:52:44.000Z</time></trkpt>
<trkpt lat="39.960066" lon="-75.173572"><ele>10.8</ele><time>2026-09-20T11:52:51.000Z</time></trkpt>
<trkpt lat="39.960011" lon="-75.173488"><ele>10.8</ele><time>2026-09-20T11:52:54.000Z</time></trkpt>
<trkpt lat="39.959883" lon="-75.173303"><ele>10.6</ele><time>2026-09-20T11:53:01.000Z</time></trkpt>
<trkpt lat="39.959807" lon="-75.173204"><ele>10.6</ele><time>2026-09-20T11:53:05.000Z</time></trkpt>
<trkpt lat="39.959665" lon="-75.173018"><ele>10.4</ele><time>2026-09-20T11:53:12.000Z</time></trkpt>
<trkpt lat="39.959605" lon="-75.172933"><ele>10.4</ele><time>2026-09-20T11:53:15.000Z</time></trkpt>
<trkpt lat="39.959476" lon="-75.172765"><ele>10.4</ele><time>2026-09-20T11:53:22.000Z</time></trkpt>
<trkpt lat="39.959422" lon="-75.172697"><ele>10.4</ele><time>2026-09-20T11:53:25.000Z</time></trkpt>
<trkpt lat="39.959293" lon="-75.172530"><ele>10.8</ele><time>2026-09-20T11:53:33.000Z</time></trkpt>
<trkpt lat="39.959282" lon="-75.172512"><ele>10.8</ele><time>2026-09-20T11:53:34.000Z</time></trkpt>
<trkpt lat="39.959247" lon="-75.172465"><ele>10.8</ele><time>2026-09-20T11:53:36.000Z</time></trkpt>
<trkpt lat="39.959117" lon="-75.172292"><ele>11.0</ele><time>2026-09-20T11:53:43.000Z</time></trkpt>
<trkpt lat="39.959104" lon="-75.172268"><ele>11.0</ele><time>2026-09-20T11:53:44.000Z</time></trkpt>
<trkpt lat="39.959057" lon="-75.172187"><ele>11.2</ele><time>2026-09-20T11:53:47.000Z</time></trkpt>
<trkpt lat="39.958924" lon="-75.172033"><ele>11.6</ele><time>2026-09-20T11:53:54.000Z</time></trkpt>
<trkpt lat="39.958791" lon="-75.171867"><ele>11.6</ele><time>2026-09-20T11:54:01.000Z</time></trkpt>
<trkpt lat="39.958723" lon="-75.171808"><ele>11.6</ele><time>2026-09-20T11:54:04.000Z</time></trkpt>
<trkpt lat="39.958582" lon="-75.171662"><ele>11.0</ele><time>2026-09-20T11:54:10.000Z</time></trkpt>
<trkpt lat="39.958535" lon="-75.171607"><ele>11.0</ele><time>2026-09-20T11:54:12.000Z</time></trkpt>
<trkpt lat="39.958360" lon="-75.171477"><ele>11.0</ele><time>2026-09-20T11:54:19.000Z</time></trkpt>
<trkpt lat="39.958335" lon="-75.171469"><ele>11.0</ele><time>2026-09-20T11:54:20.000Z</time></trkpt>
<trkpt lat="39.958164" lon="-75.171422"><ele>10.6</ele><time>2026-09-20T11:54:26.000Z</time></trkpt>
<trkpt lat="39.958007" lon="-75.171403"><ele>10.6</ele><time>2026-09-20T11:54:32.000Z</time></trkpt>
<trkpt lat="39.957825" lon="-75.171343"><ele>10.2</ele><time>2026-09-20T11:54:39.000Z</time></trkpt>
<trkpt lat="39.957771" lon="-75.171320"><ele>10.2</ele><time>2026-09-20T11:54:41.000Z</time></trkpt>
<trkpt lat="39.957626" lon="-75.171234"><ele>10.0</ele><time>2026-09-20T11:54:47.000Z</time></trkpt>
<trkpt lat="39.957590" lon="-75.171185"><ele>10.0</ele><time>2026-09-20T11:54:49.000Z</time></trkpt>
<trkpt lat="39.957472" lon="-75.170993"><ele>10.0</ele><time>2026-09-20T11:54:56.000Z</time></trkpt>
<trkpt lat="39.957445" lon="-75.170929"><ele>9.8</ele><time>2026-09-20T11:54:58.000Z</time></trkpt>
<trkpt lat="39.957376" lon="-75.170755"><ele>9.6</ele><time>2026-09-20T11:55:03.000Z</time></trkpt>
<trkpt lat="39.957363" lon="-75.170723"><ele>9.8</ele><time>2026-09-20T11:55:04.000Z</time></trkpt>
<trkpt lat="39.957360" lon="-75.170558"><ele>9.8</ele><time>2026-09-20T11:55:09.000Z</time></trkpt>
<trkpt lat="39.957424" lon="-75.170404"><ele>9.8</ele><time>2026-09-20T11:55:15.000Z</time></trkpt>
<trkpt lat="39.957503" lon="-75.170182"><ele>10.0</ele><time>2026-09-20T11:55:23.000Z</time></trkpt>
<trkpt lat="39.957632" lon="-75.170026"><ele>10.2</ele><time>2026-09-20T11:55:30.000Z</time></trkpt>
<trkpt lat="39.957789" lon="-75.169909"><ele>10.4</ele><time>2026-09-20T11:55:37.000Z</time></trkpt>
<trkpt lat="39.957813" lon="-75.169900"><ele>10.4</ele><time>2026-09-20T11:55:38.000Z</time></trkpt>
<trkpt lat="39.958020" lon="-75.169873"><ele>10.4</ele><time>2026-09-20T11:55:46.000Z</time></trkpt>
<trkpt lat="39.958045" lon="-75.169880"><ele>10.4</ele><time>2026-09-20T11:55:47.000Z</time></trkpt>
<trkpt lat="39.958206" lon="-75.169958"><ele>10.6</ele><time>2026-09-20T11:55:53.000Z</time></trkpt>
<trkpt lat="39.958348" lon="-75.170080"><ele>10.6</ele><time>2026-09-20T11:55:59.000Z</time></trkpt>
<trkpt lat="39.958469" lon="-75.170266"><ele>10.8</ele><time>2026-09-20T11:56:06.000Z</time></trkpt>
<trkpt lat="39.958483" lon="-75.170299"><ele>10.8</ele><time>2026-09-20T11:56:07.000Z</time></trkpt>
<trkpt lat="39.958525" lon="-75.170459"><ele>10.6</ele><time>2026-09-20T11:56:12.000Z</time></trkpt>
<trkpt lat="39.958547" lon="-75.170598"><ele>10.6</ele><time>2026-09-20T11:56:16.000Z</time></trkpt>
<trkpt lat="39.958532" lon="-75.170848"><ele>10.4</ele><time>2026-09-20T11:56:23.000Z</time></trkpt>
<trkpt lat="39.958544" lon="-75.171105"><ele>10.2</ele><time>2026-09-20T11:56:30.000Z</time></trkpt>
<trkpt lat="39.958550" lon="-75.171143"><ele>10.4</ele><time>2026-09-20T11:56:31.000Z</time></trkpt>
<trkpt lat="39.958581" lon="-75.171249"><ele>10.4</ele><time>2026-09-20T11:56:34.000Z</time></trkpt>
<trkpt lat="39.958632" lon="-75.171376"><ele>10.4</ele><time>2026-09-20T11:56:38.000Z</time></trkpt>
<trkpt lat="39.958647" lon="-75.171410"><ele>10.4</ele><time>2026-09-20T11:56:39.000Z</time></trkpt>
<trkpt lat="39.958761" lon="-75.171570"><ele>10.6</ele><time>2026-09-20T11:56:45.000Z</time></trkpt>
<trkpt lat="39.958846" lon="-75.171703"><ele>10.8</ele><time>2026-09-20T11:56:50.000Z</time></trkpt>
<trkpt lat="39.958925" lon="-75.171807"><ele>10.8</ele><time>2026-09-20T11:56:54.000Z</time></trkpt>
<trkpt lat="39.959048" lon="-75.171982"><ele>10.8</ele><time>2026-09-20T11:57:01.000Z</time></trkpt>
<trkpt lat="39.959100" lon="-75.172060"><ele>10.8</ele><time>2026-09-20T11:57:04.000Z</time></trkpt>
<trkpt lat="39.959231" lon="-75.172240"><ele>10.8</ele><time>2026-09-20T11:57:11.000Z</time></trkpt>
<trkpt lat="39.959277" lon="-75.172305"><ele>10.8</ele><time>2026-09-20T11:57:13.000Z</time></trkpt>
<trkpt lat="39.959409" lon="-75.172470"><ele>10.4</ele><time>2026-09-20T11:57:20.000Z</time></trkpt>
<trkpt lat="39.959495" lon="-75.172604"><ele>10.0</ele><time>2026-09-20T11:57:25.000Z</time></trkpt>
<trkpt lat="39.959611" lon="-75.172790"><ele>10.0</ele><time>2026-09-20T11:57:33.000Z</time></trkpt>
<trkpt lat="39.959678" lon="-75.172878"><ele>10.0</ele><time>2026-09-20T11:57:37.000Z</time></trkpt>
<trkpt lat="39.959816" lon="-75.173066"><ele>10.2</ele><time>2026-09-20T11:57:45.000Z</time></trkpt>
<trkpt lat="39.959886" lon="-75.173162"><ele>10.2</ele><time>2026-09-20T11:57:49.000Z</time></trkpt>
<trkpt lat="39.960034" lon="-75.173302"><ele>10.2</ele><time>2026-09-20T11:57:56.000Z</time></trkpt>
<trkpt lat="39.960057" lon="-75.173328"><ele>10.2</ele><time>2026-09-20T11:57:57.000Z</time></trkpt>
<trkpt lat="39.960194" lon="-75.173516"><ele>10.4</ele><time>2026-09-20T11:58:04.000Z</time></trkpt>
<trkpt lat="39.960230" lon="-75.173570"><ele>10.4</ele><time>2026-09-20T11:58:06.000Z</time></trkpt>
<trkpt lat="39.960246" lon="-75.173595"><ele>10.4</ele><time>2026-09-20T11:58:07.000Z</time></trkpt>
<trkpt lat="39.960388" lon="-75.173763"><ele>10.6</ele><time>2026-09-20T11:58:14.000Z</time></trkpt>
<trkpt lat="39.960406" lon="-75.173793"><ele>10.6</ele><time>2026-09-20T11:58:15.000Z</time></trkpt>
<trkpt lat="39.960517" lon="-75.173979"><ele>10.6</ele><time>2026-09-20T11:58:21.000Z</time></trkpt>
<trkpt lat="39.960602" lon="-75.174103"><ele>10.6</ele><time>2026-09-20T11:58:26.000Z</time></trkpt>
<trkpt lat="39.960728" lon="-75.174303"><ele>10.4</ele><time>2026-09-20T11:58:33.000Z</time></trkpt>
<trkpt lat="39.960773" lon="-75.174356"><ele>10.4</ele><time>2026-09-20T11:58:35.000Z</time></trkpt>
<trkpt lat="39.960905" lon="-75.174552"><ele>10.2</ele><time>2026-09-20T11:58:42.000Z</time></trkpt>
<trkpt lat="39.960944" lon="-75.174600"><ele>10.2</ele><time>2026-09-20T11:58:44.000Z</time></trkpt>
<trkpt lat="39.961069" lon="-75.174759"><ele>9.8</ele><time>2026-09-20T11:58:51.000Z</time></trkpt>
<trkpt lat="39.961208" lon="-75.174950"><ele>10.0</ele><time>2026-09-20T11:58:59.000Z</time></trkpt>
<trkpt lat="39.961258" lon="-75.174991"><ele>10.0</ele><time>2026-09-20T11:59:01.000Z</time></trkpt>
<trkpt lat="39.961380" lon="-75.175158"><ele>10.2</ele><time>2026-09-20T11:59:07.000Z</time></trkpt>
<trkpt lat="39.961501" lon="-75.175334"><ele>10.2</ele><time>2026-09-20T11:59:13.000Z</time></trkpt>
<trkpt lat="39.961545" lon="-75.175386"><ele>10.2</ele><time>2026-09-20T11:59:15.000Z</time></trkpt>
<trkpt lat="39.961660" lon="-75.175539"><ele>10.2</ele><time>2026-09-20T11:59:21.000Z</time></trkpt>
<trkpt lat="39.961728" lon="-75.175611"><ele>10.2</ele><time>2026-09-20T11:59:24.000Z</time></trkpt>
<trkpt lat="39.961847" lon="-75.175797"><ele>10.4</ele><time>2026-09-20T11:59:31.000Z</time></trkpt>
<trkpt lat="39.961885" lon="-75.175849"><ele>10.6</ele><time>2026-09-20T11:59:33.000Z</time></trkpt>
<trkpt lat="39.962017" lon="-75.176034"><ele>10.8</ele><time>2026-09-20T11:59:40.000Z</time></trkpt>
<trkpt lat="39.962074" lon="-75.176111"><ele>11.0</ele><time>2026-09-20T11:59:43.000Z</time></trkpt>
<trkpt lat="39.962198" lon="-75.176257"><ele>10.8</ele><time>2026-09-20T11:59:49.000Z</time></trkpt>
<trkpt lat="39.962270" lon="-75.176364"><ele>10.8</ele><time>2026-09-20T11:59:53.000Z</time></trkpt>
<trkpt lat="39.962375" lon="-75.176516"><ele>11.0</ele><time>2026-09-20T11:59:59.000Z</time></trkpt>
<trkpt lat="39.962510" lon="-75.176699"><ele>11.2</ele><time>2026-09-20T12:00:06.000Z</time></trkpt>
<trkpt lat="39.962550" lon="-75.176747"><ele>11.4</ele><time>2026-09-20T12:00:08.000Z</time></trkpt>
<trkpt lat="39.962695" lon="-75.176913"><ele>11.6</ele><time>2026-09-20T12:00:15.000Z</time></trkpt>
<trkpt lat="39.962714" lon="-75.176936"><ele>11.6</ele><time>2026-09-20T12:00:16.000Z</time></trkpt>
<trkpt lat="39.962884" lon="-75.177050"><ele>12.0</ele><time>2026-09-20T12:00:24.000Z</time></trkpt>
<trkpt lat="39.962931" lon="-75.177067"><ele>12.0</ele><time>2026-09-20T12:00:26.000Z</time></trkpt>
<trkpt lat="39.963064" lon="-75.177080"><ele>12.4</ele><time>2026-09-20T12:00:31.000Z</time></trkpt>
<trkpt lat="39.963251" lon="-75.177152"><ele>13.0</ele><time>2026-09-20T12:00:38.000Z</time></trkpt>
<trkpt lat="39.963276" lon="-75.177160"><ele>13.0</ele><time>2026-09-20T12:00:39.000Z</time></trkpt>
<trkpt lat="39.963299" lon="-75.177174"><ele>13.2</ele><time>2026-09-20T12:00:40.000Z</time></trkpt>
<trkpt lat="39.963398" lon="-75.177214"><ele>13.4</ele><time>2026-09-20T12:00:44.000Z</time></trkpt>
<trkpt lat="39.963451" lon="-75.177233"><ele>13.6</ele><time>2026-09-20T12:00:46.000Z</time></trkpt>
<trkpt lat="39.963574" lon="-75.177295"><ele>14.2</ele><time>2026-09-20T12:00:51.000Z</time></trkpt>
<trkpt lat="39.963648" lon="-75.177326"><ele>14.4</ele><time>2026-09-20T12:00:54.000Z</time></trkpt>
<trkpt lat="39.963819" lon="-75.177421"><ele>14.8</ele><time>2026-09-20T12:01:01.000Z</time></trkpt>
<trkpt lat="39.963845" lon="-75.177433"><ele>15.0</ele><time>2026-09-20T12:01:02.000Z</time></trkpt>
<trkpt lat="39.963919" lon="-75.177480"><ele>15.2</ele><time>2026-09-20T12:01:05.000Z</time></trkpt>
<trkpt lat="39.964060" lon="-75.177578"><ele>16.0</ele><time>2026-09-20T12:01:11.000Z</time></trkpt>
<trkpt lat="39.964126" lon="-75.177631"><ele>16.2</ele><time>2026-09-20T12:01:14.000Z</time></trkpt>
<trkpt lat="39.964290" lon="-75.177758"><ele>16.8</ele><time>2026-09-20T12:01:21.000Z</time></trkpt>
<trkpt lat="39.964385" lon="-75.177826"><ele>17.2</ele><time>2026-09-20T12:01:25.000Z</time></trkpt>
<trkpt lat="39.964405" lon="-75.177841"><ele>17.4</ele><time>2026-09-20T12:01:26.000Z</time></trkpt>
<trkpt lat="39.964541" lon="-75.177964"><ele>18.0</ele><time>2026-09-20T12:01:32.000Z</time></trkpt>
<trkpt lat="39.964650" lon="-75.178035"><ele>18.4</ele><time>2026-09-20T12:01:36.000Z</time></trkpt>
<trkpt lat="39.964751" lon="-75.178095"><ele>18.2</ele><time>2026-09-20T12:01:40.000Z</time></trkpt>
<trkpt lat="39.964921" lon="-75.178235"><ele>18.2</ele><time>2026-09-20T12:01:47.000Z</time></trkpt>
<trkpt lat="39.965091" lon="-75.178359"><ele>18.6</ele><time>2026-09-20T12:01:54.000Z</time></trkpt>
<trkpt lat="39.965119" lon="-75.178385"><ele>18.6</ele><time>2026-09-20T12:01:55.000Z</time></trkpt>
<trkpt lat="39.965295" lon="-75.178507"><ele>19.0</ele><time>2026-09-20T12:02:02.000Z</time></trkpt>
<trkpt lat="39.965388" lon="-75.178574"><ele>19.0</ele><time>2026-09-20T12:02:06.000Z</time></trkpt>
<trkpt lat="39.965502" lon="-75.178672"><ele>19.4</ele><time>2026-09-20T12:02:11.000Z</time></trkpt>
<trkpt lat="39.965644" lon="-75.178796"><ele>19.6</ele><time>2026-09-20T12:02:17.000Z</time></trkpt>
<trkpt lat="39.965792" lon="-75.178932"><ele>19.8</ele><time>2026-09-20T12:02:23.000Z</time></trkpt>
<trkpt lat="39.965966" lon="-75.179060"><ele>19.6</ele><time>2026-09-20T12:02:30.000Z</time></trkpt>
<trkpt lat="39.965990" lon="-75.179080"><ele>19.6</ele><time>2026-09-20T12:02:31.000Z</time></trkpt>
<trkpt lat="39.966170" lon="-75.179198"><ele>19.6</ele><time>2026-09-20T12:02:38.000Z</time></trkpt>
<trkpt lat="39.966192" lon="-75.179221"><ele>19.6</ele><time>2026-09-20T12:02:39.000Z</time></trkpt>
<trkpt lat="39.966362" lon="-75.179364"><ele>19.6</ele><time>2026-09-20T12:02:46.000Z</time></trkpt>
<trkpt lat="39.966444" lon="-75.179427"><ele>19.6</ele><time>2026-09-20T12:02:49.000Z</time></trkpt>
<trkpt lat="39.966607" lon="-75.179577"><ele>19.8</ele><time>2026-09-20T12:02:56.000Z</time></trkpt>
<trkpt lat="39.966698" lon="-75.179669"><ele>19.6</ele><time>2026-09-20T12:03:00.000Z</time></trkpt>
<trkpt lat="39.966854" lon="-75.179835"><ele>19.4</ele><time>2026-09-20T12:03:07.000Z</time></trkpt>
<trkpt lat="39.966915" lon="-75.179903"><ele>19.0</ele><time>2026-09-20T12:03:10.000Z</time></trkpt>
<trkpt lat="39.967039" lon="-75.180087"><ele>19.0</ele><time>2026-09-20T12:03:17.000Z</time></trkpt>
<trkpt lat="39.967057" lon="-75.180111"><ele>19.0</ele><time>2026-09-20T12:03:18.000Z</time></trkpt>
<trkpt lat="39.967190" lon="-75.180306"><ele>19.0</ele><time>2026-09-20T12:03:25.000Z</time></trkpt>
<trkpt lat="39.967222" lon="-75.180362"><ele>19.0</ele><time>2026-09-20T12:03:27.000Z</time></trkpt>
<trkpt lat="39.967323" lon="-75.180578"><ele>18.8</ele><time>2026-09-20T12:03:34.000Z</time></trkpt>
<trkpt lat="39.967406" lon="-75.180822"><ele>18.6</ele><time>2026-09-20T12:03:41.000Z</time></trkpt>
<trkpt lat="39.967425" lon="-75.180892"><ele>18.4</ele><time>2026-09-20T12:03:43.000Z</time></trkpt>
<trkpt lat="39.967438" lon="-75.180923"><ele>18.4</ele><time>2026-09-20T12:03:44.000Z</time></trkpt>
<trkpt lat="39.967499" lon="-75.181088"><ele>17.8</ele><time>2026-09-20T12:03:49.000Z</time></trkpt>
<trkpt lat="39.967550" lon="-75.181240"><ele>17.4</ele><time>2026-09-20T12:03:54.000Z</time></trkpt>
<trkpt lat="39.967580" lon="-75.181342"><ele>17.4</ele><time>2026-09-20T12:03:57.000Z</time></trkpt>
<trkpt lat="39.967646" lon="-75.181571"><ele>17.0</ele><time>2026-09-20T12:04:04.000Z</time></trkpt>
<trkpt lat="39.967752" lon="-75.181759"><ele>16.6</ele><time>2026-09-20T12:04:10.000Z</time></trkpt>
<trkpt lat="39.967813" lon="-75.181842"><ele>16.6</ele><time>2026-09-20T12:04:13.000Z</time></trkpt>
<trkpt lat="39.967961" lon="-75.182020"><ele>16.4</ele><time>2026-09-20T12:04:21.000Z</time></trkpt>
<trkpt lat="39.968001" lon="-75.182080"><ele>16.4</ele><time>2026-09-20T12:04:23.000Z</time></trkpt>
<trkpt lat="39.968129" lon="-75.182271"><ele>16.0</ele><time>2026-09-20T12:04:30.000Z</time></trkpt>
<trkpt lat="39.968194" lon="-75.182360"><ele>16.0</ele><time>2026-09-20T12:04:33.000Z</time></trkpt>
<trkpt lat="39.968331" lon="-75.182548"><ele>15.4</ele><time>2026-09-20T12:04:40.000Z</time></trkpt>
<trkpt lat="39.968367" lon="-75.182606"><ele>15.2</ele><time>2026-09-20T12:04:42.000Z</time></trkpt>
<trkpt lat="39.968488" lon="-75.182798"><ele>14.8</ele><time>2026-09-20T12:04:49.000Z</time></trkpt>
<trkpt lat="39.968537" lon="-75.182880"><ele>14.6</ele><time>2026-09-20T12:04:52.000Z</time></trkpt>
<trkpt lat="39.968650" lon="-75.183089"><ele>14.4</ele><time>2026-09-20T12:04:59.000Z</time></trkpt>
<trkpt lat="39.968684" lon="-75.183156"><ele>14.2</ele><time>2026-09-20T12:05:01.000Z</time></trkpt>
<trkpt lat="39.968721" lon="-75.183215"><ele>14.2</ele><time>2026-09-20T12:05:03.000Z</time></trkpt>
<trkpt lat="39.968833" lon="-75.183404"><ele>13.8</ele><time>2026-09-20T12:05:10.000Z</time></trkpt>
<trkpt lat="39.968944" lon="-75.183617"><ele>13.2</ele><time>2026-09-20T12:05:17.000Z</time></trkpt>
<trkpt lat="39.968960" lon="-75.183651"><ele>13.2</ele><time>2026-09-20T12:05:18.000Z</time></trkpt>
<trkpt lat="39.969060" lon="-75.183864"><ele>13.4</ele><time>2026-09-20T12:05:25.000Z</time></trkpt>
<trkpt lat="39.969118" lon="-75.183981"><ele>13.2</ele><time>2026-09-20T12:05:29.000Z</time></trkpt>
<trkpt lat="39.969182" lon="-75.184111"><ele>13.0</ele><time>2026-09-20T12:05:34.000Z</time></trkpt>
<trkpt lat="39.969199" lon="-75.184169"><ele>12.8</ele><time>2026-09-20T12:05:36.000Z</time></trkpt>
<trkpt lat="39.969231" lon="-75.184248"><ele>12.8</ele><time>2026-09-20T12:05:39.000Z</time></trkpt>
<trkpt lat="39.969283" lon="-75.184390"><ele>12.8</ele><time>2026-09-20T12:05:44.000Z</time></trkpt>
<trkpt lat="39.969354" lon="-75.184642"><ele>12.4</ele><time>2026-09-20T12:05:52.000Z</time></trkpt>
<trkpt lat="39.969407" lon="-75.184818"><ele>12.4</ele><time>2026-09-20T12:05:58.000Z</time></trkpt>
<trkpt lat="39.969423" lon="-75.184876"><ele>12.6</ele><time>2026-09-20T12:06:00.000Z</time></trkpt>
<trkpt lat="39.969475" lon="-75.185127"><ele>12.4</ele><time>2026-09-20T12:06:07.000Z</time></trkpt>
<trkpt lat="39.969490" lon="-75.185200"><ele>12.4</ele><time>2026-09-20T12:06:09.000Z</time></trkpt>
<trkpt lat="39.969499" lon="-75.185233"><ele>12.4</ele><time>2026-09-20T12:06:10.000Z</time></trkpt>
<trkpt lat="39.969556" lon="-75.185491"><ele>12.4</ele><time>2026-09-20T12:06:17.000Z</time></trkpt>
<trkpt lat="39.969571" lon="-75.185568"><ele>12.4</ele><time>2026-09-20T12:06:19.000Z</time></trkpt>
<trkpt lat="39.969602" lon="-75.185750"><ele>12.2</ele><time>2026-09-20T12:06:24.000Z</time></trkpt>
<trkpt lat="39.969614" lon="-75.185850"><ele>12.2</ele><time>2026-09-20T12:06:27.000Z</time></trkpt>
<trkpt lat="39.969639" lon="-75.186110"><ele>12.2</ele><time>2026-09-20T12:06:34.000Z</time></trkpt>
<trkpt lat="39.969651" lon="-75.186216"><ele>12.2</ele><time>2026-09-20T12:06:37.000Z</time></trkpt>
<trkpt lat="39.969684" lon="-75.186467"><ele>12.2</ele><time>2026-09-20T12:06:44.000Z</time></trkpt>
<trkpt lat="39.969693" lon="-75.186543"><ele>12.2</ele><time>2026-09-20T12:06:46.000Z</time></trkpt>
<trkpt lat="39.969726" lon="-75.186688"><ele>12.4</ele><time>2026-09-20T12:06:50.000Z</time></trkpt>
<trkpt lat="39.969746" lon="-75.186751"><ele>12.4</ele><time>2026-09-20T12:06:52.000Z</time></trkpt>
<trkpt lat="39.969769" lon="-75.186979"><ele>12.4</ele><time>2026-09-20T12:06:58.000Z</time></trkpt>
<trkpt lat="39.969770" lon="-75.187239"><ele>12.4</ele><time>2026-09-20T12:07:05.000Z</time></trkpt>
<trkpt lat="39.969818" lon="-75.187476"><ele>12.6</ele><time>2026-09-20T12:07:12.000Z</time></trkpt>
<trkpt lat="39.969852" lon="-75.187729"><ele>12.4</ele><time>2026-09-20T12:07:19.000Z</time></trkpt>
<trkpt lat="39.969864" lon="-75.187838"><ele>12.4</ele><time>2026-09-20T12:07:22.000Z</time></trkpt>
<trkpt lat="39.969886" lon="-75.188076"><ele>12.6</ele><time>2026-09-20T12:07:28.000Z</time></trkpt>
<trkpt lat="39.969899" lon="-75.188180"><ele>12.8</ele><time>2026-09-20T12:07:31.000Z</time></trkpt>
<trkpt lat="39.969928" lon="-75.188438"><ele>12.8</ele><time>2026-09-20T12:07:39.000Z</time></trkpt>
<trkpt lat="39.969949" lon="-75.188610"><ele>12.8</ele><time>2026-09-20T12:07:44.000Z</time></trkpt>
<trkpt lat="39.969977" lon="-75.188783"><ele>13.0</ele><time>2026-09-20T12:07:49.000Z</time></trkpt>
<trkpt lat="39.970030" lon="-75.189040"><ele>13.0</ele><time>2026-09-20T12:07:57.000Z</time></trkpt>
<trkpt lat="39.970037" lon="-75.189074"><ele>13.0</ele><time>2026-09-20T12:07:58.000Z</time></trkpt>
<trkpt lat="39.970091" lon="-75.189325"><ele>12.8</ele><time>2026-09-20T12:08:05.000Z</time></trkpt>
<trkpt lat="39.970130" lon="-75.189419"><ele>12.6</ele><time>2026-09-20T12:08:08.000Z</time></trkpt>
<trkpt lat="39.970236" lon="-75.189616"><ele>12.4</ele><time>2026-09-20T12:08:14.000Z</time></trkpt>
<trkpt lat="39.970253" lon="-75.189646"><ele>12.4</ele><time>2026-09-20T12:08:15.000Z</time></trkpt>
<trkpt lat="39.970402" lon="-75.189818"><ele>11.8</ele><time>2026-09-20T12:08:22.000Z</time></trkpt>
<trkpt lat="39.970422" lon="-75.189842"><ele>11.8</ele><time>2026-09-20T12:08:23.000Z</time></trkpt>
<trkpt lat="39.970590" lon="-75.189960"><ele>11.8</ele><time>2026-09-20T12:08:30.000Z</time></trkpt>
<trkpt lat="39.970615" lon="-75.189971"><ele>11.8</ele><time>2026-09-20T12:08:31.000Z</time></trkpt>
<trkpt lat="39.970688" lon="-75.190002"><ele>11.8</ele><time>2026-09-20T12:08:34.000Z</time></trkpt>
<trkpt lat="39.970847" lon="-75.190086"><ele>12.0</ele><time>2026-09-20T12:08:40.000Z</time></trkpt>
<trkpt lat="39.971033" lon="-75.190146"><ele>12.2</ele><time>2026-09-20T12:08:46.000Z</time></trkpt>
<trkpt lat="39.971062" lon="-75.190151"><ele>12.4</ele><time>2026-09-20T12:08:47.000Z</time></trkpt>
<trkpt lat="39.971263" lon="-75.190171"><ele>12.6</ele><time>2026-09-20T12:08:54.000Z</time></trkpt>
<trkpt lat="39.971437" lon="-75.190128"><ele>12.6</ele><time>2026-09-20T12:09:00.000Z</time></trkpt>
<trkpt lat="39.971624" lon="-75.190054"><ele>12.2</ele><time>2026-09-20T12:09:07.000Z</time></trkpt>
<trkpt lat="39.971677" lon="-75.190034"><ele>12.2</ele><time>2026-09-20T12:09:09.000Z</time></trkpt>
<trkpt lat="39.971871" lon="-75.189971"><ele>12.2</ele><time>2026-09-20T12:09:16.000Z</time></trkpt>
<trkpt lat="39.971922" lon="-75.189962"><ele>12.0</ele><time>2026-09-20T12:09:18.000Z</time></trkpt>
<trkpt lat="39.972115" lon="-75.189944"><ele>12.4</ele><time>2026-09-20T12:09:25.000Z</time></trkpt>
<trkpt lat="39.972169" lon="-75.189950"><ele>12.4</ele><time>2026-09-20T12:09:27.000Z</time></trkpt>
<trkpt lat="39.972287" lon="-75.190029"><ele>12.4</ele><time>2026-09-20T12:09:31.000Z</time></trkpt>
<trkpt lat="39.972470" lon="-75.190123"><ele>12.4</ele><time>2026-09-20T12:09:38.000Z</time></trkpt>
<trkpt lat="39.972492" lon="-75.190133"><ele>12.4</ele><time>2026-09-20T12:09:39.000Z</time></trkpt>
<trkpt lat="39.972610" lon="-75.190204"><ele>12.4</ele><time>2026-09-20T12:09:45.000Z</time></trkpt>
<trkpt lat="39.972785" lon="-75.190297"><ele>12.6</ele><time>2026-09-20T12:09:53.000Z</time></trkpt>
<trkpt lat="39.972812" lon="-75.190302"><ele>12.6</ele><time>2026-09-20T12:09:54.000Z</time></trkpt>
<trkpt lat="39.972937" lon="-75.190312"><ele>12.6</ele><time>2026-09-20T12:09:59.000Z</time></trkpt>
<trkpt lat="39.973101" lon="-75.190342"><ele>12.6</ele><time>2026-09-20T12:10:06.000Z</time></trkpt>
<trkpt lat="39.973284" lon="-75.190414"><ele>12.8</ele><time>2026-09-20T12:10:13.000Z</time></trkpt>
<trkpt lat="39.973323" lon="-75.190431"><ele>12.8</ele><time>2026-09-20T12:10:15.000Z</time></trkpt>
<trkpt lat="39.973510" lon="-75.190482"><ele>12.8</ele><time>2026-09-20T12:10:22.000Z</time></trkpt>
<trkpt lat="39.973536" lon="-75.190497"><ele>12.8</ele><time>2026-09-20T12:10:23.000Z</time></trkpt>
<trkpt lat="39.973727" lon="-75.190599"><ele>12.8</ele><time>2026-09-20T12:10:30.000Z</time></trkpt>
<trkpt lat="39.973787" lon="-75.190634"><ele>12.8</ele><time>2026-09-20T12:10:32.000Z</time></trkpt>
<trkpt lat="39.973965" lon="-75.190745"><ele>13.0</ele><time>2026-09-20T12:10:39.000Z</time></trkpt>
<trkpt lat="39.974038" lon="-75.190786"><ele>13.0</ele><time>2026-09-20T12:10:42.000Z</time></trkpt>
<trkpt lat="39.974199" lon="-75.190896"><ele>13.2</ele><time>2026-09-20T12:10:48.000Z</time></trkpt>
<trkpt lat="39.974223" lon="-75.190919"><ele>13.0</ele><time>2026-09-20T12:10:49.000Z</time></trkpt>
<trkpt lat="39.974368" lon="-75.191017"><ele>13.2</ele><time>2026-09-20T12:10:55.000Z</time></trkpt>
<trkpt lat="39.974550" lon="-75.191140"><ele>13.0</ele><time>2026-09-20T12:11:02.000Z</time></trkpt>
<trkpt lat="39.974684" lon="-75.191221"><ele>13.2</ele><time>2026-09-20T12:11:07.000Z</time></trkpt>
<trkpt lat="39.974781" lon="-75.191302"><ele>13.2</ele><time>2026-09-20T12:11:11.000Z</time></trkpt>
<trkpt lat="39.974967" lon="-75.191430"><ele>13.4</ele><time>2026-09-20T12:11:19.000Z</time></trkpt>
<trkpt lat="39.975009" lon="-75.191474"><ele>13.4</ele><time>2026-09-20T12:11:21.000Z</time></trkpt>
<trkpt lat="39.975174" lon="-75.191602"><ele>13.6</ele><time>2026-09-20T12:11:28.000Z</time></trkpt>
<trkpt lat="39.975221" lon="-75.191647"><ele>13.8</ele><time>2026-09-20T12:11:30.000Z</time></trkpt>
<trkpt lat="39.975352" lon="-75.191755"><ele>14.0</ele><time>2026-09-20T12:11:36.000Z</time></trkpt>
<trkpt lat="39.975367" lon="-75.191768"><ele>13.8</ele><time>2026-09-20T12:11:37.000Z</time></trkpt>
<trkpt lat="39.975379" lon="-75.191773"><ele>14.0</ele><time>2026-09-20T12:11:39.000Z</time></trkpt>
<trkpt lat="39.975395" lon="-75.191761"><ele>14.0</ele><time>2026-09-20T12:11:41.000Z</time></trkpt>
<trkpt lat="39.975512" lon="-75.191747"><ele>14.2</ele><time>2026-09-20T12:11:46.000Z</time></trkpt>
<trkpt lat="39.975537" lon="-75.191762"><ele>14.2</ele><time>2026-09-20T12:11:47.000Z</time></trkpt>
<trkpt lat="39.975609" lon="-75.191834"><ele>14.2</ele><time>2026-09-20T12:11:50.000Z</time></trkpt>
<trkpt lat="39.975748" lon="-75.192010"><ele>13.8</ele><time>2026-09-20T12:11:57.000Z</time></trkpt>
<trkpt lat="39.975773" lon="-75.192035"><ele>13.8</ele><time>2026-09-20T12:11:58.000Z</time></trkpt>
<trkpt lat="39.975923" lon="-75.192178"><ele>13.8</ele><time>2026-09-20T12:12:04.000Z</time></trkpt>
<trkpt lat="39.976022" lon="-75.192301"><ele>13.8</ele><time>2026-09-20T12:12:07.000Z</time></trkpt>
<trkpt lat="39.976180" lon="-75.192448"><ele>14.0</ele><time>2026-09-20T12:12:14.000Z</time></trkpt>
<trkpt lat="39.976217" lon="-75.192492"><ele>14.2</ele><time>2026-09-20T12:12:16.000Z</time></trkpt>
<trkpt lat="39.976249" lon="-75.192542"><ele>14.2</ele><time>2026-09-20T12:12:18.000Z</time></trkpt>
<trkpt lat="39.976635" lon="-75.192899"><ele>14.8</ele><time>2026-09-20T12:12:33.000Z</time></trkpt>
<trkpt lat="39.976706" lon="-75.193111"><ele>15.0</ele><time>2026-09-20T12:12:39.000Z</time></trkpt>
<trkpt lat="39.976769" lon="-75.193118"><ele>15.0</ele><time>2026-09-20T12:12:44.000Z</time></trkpt>
<trkpt lat="39.976876" lon="-75.193252"><ele>15.4</ele><time>2026-09-20T12:12:48.000Z</time></trkpt>
<trkpt lat="39.976940" lon="-75.193317"><ele>15.6</ele><time>2026-09-20T12:12:50.000Z</time></trkpt>
<trkpt lat="39.976957" lon="-75.193340"><ele>15.6</ele><time>2026-09-20T12:12:51.000Z</time></trkpt>
<trkpt lat="39.977118" lon="-75.193488"><ele>16.0</ele><time>2026-09-20T12:12:59.000Z</time></trkpt>
<trkpt lat="39.977164" lon="-75.193523"><ele>16.0</ele><time>2026-09-20T12:13:01.000Z</time></trkpt>
<trkpt lat="39.977296" lon="-75.193672"><ele>16.2</ele><time>2026-09-20T12:13:07.000Z</time></trkpt>
<trkpt lat="39.977468" lon="-75.193796"><ele>16.0</ele><time>2026-09-20T12:13:15.000Z</time></trkpt>
<trkpt lat="39.977495" lon="-75.193811"><ele>16.0</ele><time>2026-09-20T12:13:16.000Z</time></trkpt>
<trkpt lat="39.977646" lon="-75.193944"><ele>16.0</ele><time>2026-09-20T12:13:23.000Z</time></trkpt>
<trkpt lat="39.977667" lon="-75.193965"><ele>15.8</ele><time>2026-09-20T12:13:24.000Z</time></trkpt>
<trkpt lat="39.977831" lon="-75.194121"><ele>15.8</ele><time>2026-09-20T12:13:32.000Z</time></trkpt>
<trkpt lat="39.977890" lon="-75.194176"><ele>15.8</ele><time>2026-09-20T12:13:35.000Z</time></trkpt>
<trkpt lat="39.978037" lon="-75.194345"><ele>15.0</ele><time>2026-09-20T12:13:42.000Z</time></trkpt>
<trkpt lat="39.978057" lon="-75.194371"><ele>15.0</ele><time>2026-09-20T12:13:43.000Z</time></trkpt>
<trkpt lat="39.978202" lon="-75.194555"><ele>15.0</ele><time>2026-09-20T12:13:50.000Z</time></trkpt>
<trkpt lat="39.978218" lon="-75.194574"><ele>15.0</ele><time>2026-09-20T12:13:51.000Z</time></trkpt>
<trkpt lat="39.978350" lon="-75.194779"><ele>14.4</ele><time>2026-09-20T12:13:57.000Z</time></trkpt>
<trkpt lat="39.978479" lon="-75.194980"><ele>14.4</ele><time>2026-09-20T12:14:04.000Z</time></trkpt>
<trkpt lat="39.978524" lon="-75.195076"><ele>14.4</ele><time>2026-09-20T12:14:07.000Z</time></trkpt>
<trkpt lat="39.978652" lon="-75.195284"><ele>14.4</ele><time>2026-09-20T12:14:14.000Z</time></trkpt>
<trkpt lat="39.978690" lon="-75.195334"><ele>14.4</ele><time>2026-09-20T12:14:16.000Z</time></trkpt>
<trkpt lat="39.978826" lon="-75.195515"><ele>14.2</ele><time>2026-09-20T12:14:23.000Z</time></trkpt>
<trkpt lat="39.978845" lon="-75.195536"><ele>14.0</ele><time>2026-09-20T12:14:24.000Z</time></trkpt>
<trkpt lat="39.978980" lon="-75.195703"><ele>13.8</ele><time>2026-09-20T12:14:31.000Z</time></trkpt>
<trkpt lat="39.979052" lon="-75.195808"><ele>13.8</ele><time>2026-09-20T12:14:35.000Z</time></trkpt>
<trkpt lat="39.979175" lon="-75.195997"><ele>13.6</ele><time>2026-09-20T12:14:42.000Z</time></trkpt>
<trkpt lat="39.979286" lon="-75.196185"><ele>13.6</ele><time>2026-09-20T12:14:49.000Z</time></trkpt>
<trkpt lat="39.979301" lon="-75.196206"><ele>13.6</ele><time>2026-09-20T12:14:50.000Z</time></trkpt>
<trkpt lat="39.979363" lon="-75.196267"><ele>13.4</ele><time>2026-09-20T12:14:53.000Z</time></trkpt>
<trkpt lat="39.979440" lon="-75.196375"><ele>13.2</ele><time>2026-09-20T12:14:57.000Z</time></trkpt>
<trkpt lat="39.979575" lon="-75.196565"><ele>13.2</ele><time>2026-09-20T12:15:04.000Z</time></trkpt>
<trkpt lat="39.979621" lon="-75.196652"><ele>13.2</ele><time>2026-09-20T12:15:07.000Z</time></trkpt>
<trkpt lat="39.979762" lon="-75.196829"><ele>13.2</ele><time>2026-09-20T12:15:14.000Z</time></trkpt>
<trkpt lat="39.979893" lon="-75.197024"><ele>13.6</ele><time>2026-09-20T12:15:21.000Z</time></trkpt>
<trkpt lat="39.979928" lon="-75.197087"><ele>13.6</ele><time>2026-09-20T12:15:23.000Z</time></trkpt>
<trkpt lat="39.980039" lon="-75.197292"><ele>13.8</ele><time>2026-09-20T12:15:30.000Z</time></trkpt>
<trkpt lat="39.980081" lon="-75.197359"><ele>14.0</ele><time>2026-09-20T12:15:33.000Z</time></trkpt>
<trkpt lat="39.980182" lon="-75.197504"><ele>14.2</ele><time>2026-09-20T12:15:40.000Z</time></trkpt>
<trkpt lat="39.980207" lon="-75.197542"><ele>14.4</ele><time>2026-09-20T12:15:42.000Z</time></trkpt>
<trkpt lat="39.980355" lon="-75.197683"><ele>14.8</ele><time>2026-09-20T12:15:49.000Z</time></trkpt>
<trkpt lat="39.980479" lon="-75.197888"><ele>15.4</ele><time>2026-09-20T12:15:57.000Z</time></trkpt>
<trkpt lat="39.980496" lon="-75.197909"><ele>15.4</ele><time>2026-09-20T12:15:58.000Z</time></trkpt>
<trkpt lat="39.980604" lon="-75.198100"><ele>15.4</ele><time>2026-09-20T12:16:05.000Z</time></trkpt>
<trkpt lat="39.980619" lon="-75.198133"><ele>15.2</ele><time>2026-09-20T12:16:06.000Z</time></trkpt>
<trkpt lat="39.980719" lon="-75.198348"><ele>15.0</ele><time>2026-09-20T12:16:13.000Z</time></trkpt>
<trkpt lat="39.980751" lon="-75.198449"><ele>14.8</ele><time>2026-09-20T12:16:16.000Z</time></trkpt>
<trkpt lat="39.980839" lon="-75.198668"><ele>15.0</ele><time>2026-09-20T12:16:23.000Z</time></trkpt>
<trkpt lat="39.980864" lon="-75.198734"><ele>15.0</ele><time>2026-09-20T12:16:25.000Z</time></trkpt>
<trkpt lat="39.980914" lon="-75.198960"><ele>15.2</ele><time>2026-09-20T12:16:32.000Z</time></trkpt>
<trkpt lat="39.980923" lon="-75.198993"><ele>15.2</ele><time>2026-09-20T12:16:33.000Z</time></trkpt>
<trkpt lat="39.980941" lon="-75.199057"><ele>15.4</ele><time>2026-09-20T12:16:35.000Z</time></trkpt>
<trkpt lat="39.981002" lon="-75.199308"><ele>15.4</ele><time>2026-09-20T12:16:43.000Z</time></trkpt>
<trkpt lat="39.981091" lon="-75.199545"><ele>15.4</ele><time>2026-09-20T12:16:50.000Z</time></trkpt>
<trkpt lat="39.981166" lon="-75.199792"><ele>15.2</ele><time>2026-09-20T12:16:57.000Z</time></trkpt>
<trkpt lat="39.981264" lon="-75.200013"><ele>15.6</ele><time>2026-09-20T12:17:04.000Z</time></trkpt>
<trkpt lat="39.981277" lon="-75.200043"><ele>15.6</ele><time>2026-09-20T12:17:05.000Z</time></trkpt>
<trkpt lat="39.981383" lon="-75.200247"><ele>15.8</ele><time>2026-09-20T12:17:12.000Z</time></trkpt>
<trkpt lat="39.981443" lon="-75.200373"><ele>16.0</ele><time>2026-09-20T12:17:16.000Z</time></trkpt>
<trkpt lat="39.981559" lon="-75.200586"><ele>16.0</ele><time>2026-09-20T12:17:23.000Z</time></trkpt>
<trkpt lat="39.981576" lon="-75.200616"><ele>16.0</ele><time>2026-09-20T12:17:24.000Z</time></trkpt>
<trkpt lat="39.981596" lon="-75.200645"><ele>16.0</ele><time>2026-09-20T12:17:25.000Z</time></trkpt>
<trkpt lat="39.981636" lon="-75.200698"><ele>15.8</ele><time>2026-09-20T12:17:27.000Z</time></trkpt>
<trkpt lat="39.981771" lon="-75.200889"><ele>15.8</ele><time>2026-09-20T12:17:34.000Z</time></trkpt>
<trkpt lat="39.981809" lon="-75.200948"><ele>15.6</ele><time>2026-09-20T12:17:36.000Z</time></trkpt>
<trkpt lat="39.981949" lon="-75.201125"><ele>15.6</ele><time>2026-09-20T12:17:43.000Z</time></trkpt>
<trkpt lat="39.982077" lon="-75.201297"><ele>15.6</ele><time>2026-09-20T12:17:49.000Z</time></trkpt>
<trkpt lat="39.982142" lon="-75.201380"><ele>15.6</ele><time>2026-09-20T12:17:52.000Z</time></trkpt>
<trkpt lat="39.982281" lon="-75.201558"><ele>15.4</ele><time>2026-09-20T12:17:59.000Z</time></trkpt>
<trkpt lat="39.982303" lon="-75.201581"><ele>15.2</ele><time>2026-09-20T12:18:00.000Z</time></trkpt>
<trkpt lat="39.982443" lon="-75.201774"><ele>15.0</ele><time>2026-09-20T12:18:07.000Z</time></trkpt>
<trkpt lat="39.982461" lon="-75.201797"><ele>15.0</ele><time>2026-09-20T12:18:08.000Z</time></trkpt>
<trkpt lat="39.982600" lon="-75.201969"><ele>15.2</ele><time>2026-09-20T12:18:15.000Z</time></trkpt>
<trkpt lat="39.982660" lon="-75.202034"><ele>15.2</ele><time>2026-09-20T12:18:18.000Z</time></trkpt>
<trkpt lat="39.982788" lon="-75.202218"><ele>15.2</ele><time>2026-09-20T12:18:24.000Z</time></trkpt>
<trkpt lat="39.982808" lon="-75.202242"><ele>15.2</ele><time>2026-09-20T12:18:25.000Z</time></trkpt>
<trkpt lat="39.982951" lon="-75.202416"><ele>15.2</ele><time>2026-09-20T12:18:32.000Z</time></trkpt>
<trkpt lat="39.982991" lon="-75.202464"><ele>15.0</ele><time>2026-09-20T12:18:34.000Z</time></trkpt>
<trkpt lat="39.983142" lon="-75.202628"><ele>14.4</ele><time>2026-09-20T12:18:41.000Z</time></trkpt>
<trkpt lat="39.983231" lon="-75.202720"><ele>14.4</ele><time>2026-09-20T12:18:45.000Z</time></trkpt>
<trkpt lat="39.983253" lon="-75.202743"><ele>14.4</ele><time>2026-09-20T12:18:46.000Z</time></trkpt>
<trkpt lat="39.983411" lon="-75.202874"><ele>14.0</ele><time>2026-09-20T12:18:53.000Z</time></trkpt>
<trkpt lat="39.983455" lon="-75.202914"><ele>14.2</ele><time>2026-09-20T12:18:55.000Z</time></trkpt>
<trkpt lat="39.983628" lon="-75.203019"><ele>14.4</ele><time>2026-09-20T12:19:02.000Z</time></trkpt>
<trkpt lat="39.983784" lon="-75.203116"><ele>14.0</ele><time>2026-09-20T12:19:09.000Z</time></trkpt>
<trkpt lat="39.983967" lon="-75.203187"><ele>14.0</ele><time>2026-09-20T12:19:16.000Z</time></trkpt>
<trkpt lat="39.984024" lon="-75.203210"><ele>14.0</ele><time>2026-09-20T12:19:18.000Z</time></trkpt>
<trkpt lat="39.984221" lon="-75.203256"><ele>13.8</ele><time>2026-09-20T12:19:25.000Z</time></trkpt>
<trkpt lat="39.984271" lon="-75.203257"><ele>13.8</ele><time>2026-09-20T12:19:27.000Z</time></trkpt>
<trkpt lat="39.984454" lon="-75.203238"><ele>13.8</ele><time>2026-09-20T12:19:34.000Z</time></trkpt>
<trkpt lat="39.984612" lon="-75.203198"><ele>14.0</ele><time>2026-09-20T12:19:40.000Z</time></trkpt>
<trkpt lat="39.984723" lon="-75.203235"><ele>14.0</ele><time>2026-09-20T12:19:45.000Z</time></trkpt>
<trkpt lat="39.984806" lon="-75.203198"><ele>14.0</ele><time>2026-09-20T12:19:48.000Z</time></trkpt>
<trkpt lat="39.984851" lon="-75.203154"><ele>14.0</ele><time>2026-09-20T12:19:50.000Z</time></trkpt>
<trkpt lat="39.985003" lon="-75.203010"><ele>14.2</ele><time>2026-09-20T12:19:57.000Z</time></trkpt>
<trkpt lat="39.985048" lon="-75.202962"><ele>14.2</ele><time>2026-09-20T12:19:59.000Z</time></trkpt>
<trkpt lat="39.985192" lon="-75.202751"><ele>14.2</ele><time>2026-09-20T12:20:05.000Z</time></trkpt>
<trkpt lat="39.985277" lon="-75.202638"><ele>14.4</ele><time>2026-09-20T12:20:09.000Z</time></trkpt>
<trkpt lat="39.985425" lon="-75.202455"><ele>14.2</ele><time>2026-09-20T12:20:16.000Z</time></trkpt>
<trkpt lat="39.985468" lon="-75.202398"><ele>14.2</ele><time>2026-09-20T12:20:18.000Z</time></trkpt>
<trkpt lat="39.985612" lon="-75.202220"><ele>14.6</ele><time>2026-09-20T12:20:25.000Z</time></trkpt>
<trkpt lat="39.985675" lon="-75.202139"><ele>14.6</ele><time>2026-09-20T12:20:28.000Z</time></trkpt>
<trkpt lat="39.985808" lon="-75.201951"><ele>14.8</ele><time>2026-09-20T12:20:35.000Z</time></trkpt>
<trkpt lat="39.985826" lon="-75.201923"><ele>14.8</ele><time>2026-09-20T12:20:36.000Z</time></trkpt>
<trkpt lat="39.985931" lon="-75.201709"><ele>14.8</ele><time>2026-09-20T12:20:43.000Z</time></trkpt>
<trkpt lat="39.985966" lon="-75.201638"><ele>14.8</ele><time>2026-09-20T12:20:45.000Z</time></trkpt>
<trkpt lat="39.986068" lon="-75.201420"><ele>14.4</ele><time>2026-09-20T12:20:52.000Z</time></trkpt>
<trkpt lat="39.986168" lon="-75.201246"><ele>14.6</ele><time>2026-09-20T12:20:58.000Z</time></trkpt>
<trkpt lat="39.986277" lon="-75.201048"><ele>15.0</ele><time>2026-09-20T12:21:05.000Z</time></trkpt>
<trkpt lat="39.986318" lon="-75.200975"><ele>15.0</ele><time>2026-09-20T12:21:08.000Z</time></trkpt>
<trkpt lat="39.986440" lon="-75.200784"><ele>15.2</ele><time>2026-09-20T12:21:15.000Z</time></trkpt>
<trkpt lat="39.986456" lon="-75.200765"><ele>15.2</ele><time>2026-09-20T12:21:16.000Z</time></trkpt>
<trkpt lat="39.986590" lon="-75.200601"><ele>15.0</ele><time>2026-09-20T12:21:23.000Z</time></trkpt>
<trkpt lat="39.986657" lon="-75.200520"><ele>14.8</ele><time>2026-09-20T12:21:26.000Z</time></trkpt>
<trkpt lat="39.986805" lon="-75.200364"><ele>14.6</ele><time>2026-09-20T12:21:33.000Z</time></trkpt>
<trkpt lat="39.986873" lon="-75.200297"><ele>14.8</ele><time>2026-09-20T12:21:36.000Z</time></trkpt>
<trkpt lat="39.987033" lon="-75.200123"><ele>14.8</ele><time>2026-09-20T12:21:44.000Z</time></trkpt>
<trkpt lat="39.987073" lon="-75.200079"><ele>14.8</ele><time>2026-09-20T12:21:46.000Z</time></trkpt>
<trkpt lat="39.987230" lon="-75.199931"><ele>15.0</ele><time>2026-09-20T12:21:53.000Z</time></trkpt>
<trkpt lat="39.987272" lon="-75.199888"><ele>15.0</ele><time>2026-09-20T12:21:55.000Z</time></trkpt>
<trkpt lat="39.987449" lon="-75.199764"><ele>15.0</ele><time>2026-09-20T12:22:02.000Z</time></trkpt>
<trkpt lat="39.987629" lon="-75.199629"><ele>15.0</ele><time>2026-09-20T12:22:10.000Z</time></trkpt>
<trkpt lat="39.987784" lon="-75.199490"><ele>14.8</ele><time>2026-09-20T12:22:17.000Z</time></trkpt>
<trkpt lat="39.987853" lon="-75.199430"><ele>15.0</ele><time>2026-09-20T12:22:20.000Z</time></trkpt>
<trkpt lat="39.987980" lon="-75.199315"><ele>15.4</ele><time>2026-09-20T12:22:26.000Z</time></trkpt>
<trkpt lat="39.988004" lon="-75.199295"><ele>15.4</ele><time>2026-09-20T12:22:27.000Z</time></trkpt>
<trkpt lat="39.988120" lon="-75.199208"><ele>15.4</ele><time>2026-09-20T12:22:32.000Z</time></trkpt>
<trkpt lat="39.988282" lon="-75.199078"><ele>15.4</ele><time>2026-09-20T12:22:39.000Z</time></trkpt>
<trkpt lat="39.988422" lon="-75.198904"><ele>15.4</ele><time>2026-09-20T12:22:46.000Z</time></trkpt>
<trkpt lat="39.988441" lon="-75.198877"><ele>15.6</ele><time>2026-09-20T12:22:47.000Z</time></trkpt>
<trkpt lat="39.988596" lon="-75.198713"><ele>15.6</ele><time>2026-09-20T12:22:55.000Z</time></trkpt>
<trkpt lat="39.988737" lon="-75.198536"><ele>15.4</ele><time>2026-09-20T12:23:02.000Z</time></trkpt>
<trkpt lat="39.988809" lon="-75.198475"><ele>15.4</ele><time>2026-09-20T12:23:05.000Z</time></trkpt>
<trkpt lat="39.988945" lon="-75.198298"><ele>15.2</ele><time>2026-09-20T12:23:12.000Z</time></trkpt>
<trkpt lat="39.989081" lon="-75.198152"><ele>15.4</ele><time>2026-09-20T12:23:19.000Z</time></trkpt>
<trkpt lat="39.989226" lon="-75.197972"><ele>15.4</ele><time>2026-09-20T12:23:27.000Z</time></trkpt>
<trkpt lat="39.989256" lon="-75.197919"><ele>15.6</ele><time>2026-09-20T12:23:29.000Z</time></trkpt>
<trkpt lat="39.989384" lon="-75.197746"><ele>15.4</ele><time>2026-09-20T12:23:36.000Z</time></trkpt>
<trkpt lat="39.989519" lon="-75.197579"><ele>15.4</ele><time>2026-09-20T12:23:43.000Z</time></trkpt>
<trkpt lat="39.989539" lon="-75.197554"><ele>15.4</ele><time>2026-09-20T12:23:44.000Z</time></trkpt>
<trkpt lat="39.989700" lon="-75.197407"><ele>15.2</ele><time>2026-09-20T12:23:51.000Z</time></trkpt>
<trkpt lat="39.989748" lon="-75.197363"><ele>15.2</ele><time>2026-09-20T12:23:53.000Z</time></trkpt>
<trkpt lat="39.989894" lon="-75.197191"><ele>15.4</ele><time>2026-09-20T12:24:00.000Z</time></trkpt>
<trkpt lat="39.989932" lon="-75.197155"><ele>15.4</ele><time>2026-09-20T12:24:02.000Z</time></trkpt>
<trkpt lat="39.990089" lon="-75.196984"><ele>15.6</ele><time>2026-09-20T12:24:09.000Z</time></trkpt>
<trkpt lat="39.990105" lon="-75.196963"><ele>15.6</ele><time>2026-09-20T12:24:10.000Z</time></trkpt>
<trkpt lat="39.990270" lon="-75.196831"><ele>15.4</ele><time>2026-09-20T12:24:17.000Z</time></trkpt>
<trkpt lat="39.990300" lon="-75.196807"><ele>15.4</ele><time>2026-09-20T12:24:18.000Z</time></trkpt>
<trkpt lat="39.990483" lon="-75.196668"><ele>15.4</ele><time>2026-09-20T12:24:25.000Z</time></trkpt>
<trkpt lat="39.990568" lon="-75.196625"><ele>15.4</ele><time>2026-09-20T12:24:28.000Z</time></trkpt>
<trkpt lat="39.990735" lon="-75.196536"><ele>15.2</ele><time>2026-09-20T12:24:34.000Z</time></trkpt>
<trkpt lat="39.990861" lon="-75.196456"><ele>15.2</ele><time>2026-09-20T12:24:39.000Z</time></trkpt>
<trkpt lat="39.991039" lon="-75.196344"><ele>15.4</ele><time>2026-09-20T12:24:46.000Z</time></trkpt>
<trkpt lat="39.991108" lon="-75.196295"><ele>15.4</ele><time>2026-09-20T12:24:49.000Z</time></trkpt>
<trkpt lat="39.991266" lon="-75.196163"><ele>15.8</ele><time>2026-09-20T12:24:56.000Z</time></trkpt>
<trkpt lat="39.991352" lon="-75.196074"><ele>15.8</ele><time>2026-09-20T12:25:00.000Z</time></trkpt>
<trkpt lat="39.991503" lon="-75.195916"><ele>15.6</ele><time>2026-09-20T12:25:07.000Z</time></trkpt>
<trkpt lat="39.991625" lon="-75.195724"><ele>15.8</ele><time>2026-09-20T12:25:14.000Z</time></trkpt>
<trkpt lat="39.991661" lon="-75.195672"><ele>15.6</ele><time>2026-09-20T12:25:16.000Z</time></trkpt>
<trkpt lat="39.991782" lon="-75.195464"><ele>15.6</ele><time>2026-09-20T12:25:24.000Z</time></trkpt>
<trkpt lat="39.991904" lon="-75.195250"><ele>15.8</ele><time>2026-09-20T12:25:32.000Z</time></trkpt>
<trkpt lat="39.992015" lon="-75.195053"><ele>15.8</ele><time>2026-09-20T12:25:39.000Z</time></trkpt>
<trkpt lat="39.992117" lon="-75.194846"><ele>15.8</ele><time>2026-09-20T12:25:46.000Z</time></trkpt>
<trkpt lat="39.992235" lon="-75.194631"><ele>16.0</ele><time>2026-09-20T12:25:53.000Z</time></trkpt>
<trkpt lat="39.992250" lon="-75.194602"><ele>16.0</ele><time>2026-09-20T12:25:54.000Z</time></trkpt>
<trkpt lat="39.992358" lon="-75.194409"><ele>16.0</ele><time>2026-09-20T12:26:01.000Z</time></trkpt>
<trkpt lat="39.992377" lon="-75.194379"><ele>16.0</ele><time>2026-09-20T12:26:02.000Z</time></trkpt>
<trkpt lat="39.992476" lon="-75.194164"><ele>16.2</ele><time>2026-09-20T12:26:09.000Z</time></trkpt>
<trkpt lat="39.992497" lon="-75.194128"><ele>16.0</ele><time>2026-09-20T12:26:10.000Z</time></trkpt>
<trkpt lat="39.992615" lon="-75.193926"><ele>16.0</ele><time>2026-09-20T12:26:17.000Z</time></trkpt>
<trkpt lat="39.992632" lon="-75.193899"><ele>16.2</ele><time>2026-09-20T12:26:18.000Z</time></trkpt>
<trkpt lat="39.992761" lon="-75.193716"><ele>15.8</ele><time>2026-09-20T12:26:25.000Z</time></trkpt>
<trkpt lat="39.992908" lon="-75.193530"><ele>15.8</ele><time>2026-09-20T12:26:33.000Z</time></trkpt>
<trkpt lat="39.992950" lon="-75.193485"><ele>15.8</ele><time>2026-09-20T12:26:35.000Z</time></trkpt>
<trkpt lat="39.993100" lon="-75.193336"><ele>16.0</ele><time>2026-09-20T12:26:42.000Z</time></trkpt>
<trkpt lat="39.993116" lon="-75.193319"><ele>16.0</ele><time>2026-09-20T12:26:43.000Z</time></trkpt>
<trkpt lat="39.993205" lon="-75.193220"><ele>16.0</ele><time>2026-09-20T12:26:47.000Z</time></trkpt>
<trkpt lat="39.993313" lon="-75.193101"><ele>16.2</ele><time>2026-09-20T12:26:52.000Z</time></trkpt>
<trkpt lat="39.993452" lon="-75.192938"><ele>16.2</ele><time>2026-09-20T12:26:59.000Z</time></trkpt>
<trkpt lat="39.993497" lon="-75.192887"><ele>16.2</ele><time>2026-09-20T12:27:01.000Z</time></trkpt>
<trkpt lat="39.993581" lon="-75.192805"><ele>16.2</ele><time>2026-09-20T12:27:05.000Z</time></trkpt>
<trkpt lat="39.993679" lon="-75.192702"><ele>16.4</ele><time>2026-09-20T12:27:10.000Z</time></trkpt>
<trkpt lat="39.993865" lon="-75.192628"><ele>16.4</ele><time>2026-09-20T12:27:18.000Z</time></trkpt>
<trkpt lat="39.994046" lon="-75.192518"><ele>16.2</ele><time>2026-09-20T12:27:25.000Z</time></trkpt>
<trkpt lat="39.994242" lon="-75.192468"><ele>16.2</ele><time>2026-09-20T12:27:32.000Z</time></trkpt>
<trkpt lat="39.994381" lon="-75.192417"><ele>16.2</ele><time>2026-09-20T12:27:38.000Z</time></trkpt>
<trkpt lat="39.994537" lon="-75.192372"><ele>16.2</ele><time>2026-09-20T12:27:45.000Z</time></trkpt>
<trkpt lat="39.994636" lon="-75.192285"><ele>16.4</ele><time>2026-09-20T12:27:50.000Z</time></trkpt>
<trkpt lat="39.994722" lon="-75.192249"><ele>16.6</ele><time>2026-09-20T12:27:53.000Z</time></trkpt>
<trkpt lat="39.994902" lon="-75.192166"><ele>17.0</ele><time>2026-09-20T12:28:00.000Z</time></trkpt>
<trkpt lat="39.994928" lon="-75.192157"><ele>17.0</ele><time>2026-09-20T12:28:01.000Z</time></trkpt>
<trkpt lat="39.995026" lon="-75.192112"><ele>17.6</ele><time>2026-09-20T12:28:05.000Z</time></trkpt>
<trkpt lat="39.995125" lon="-75.192011"><ele>17.8</ele><time>2026-09-20T12:28:09.000Z</time></trkpt>
<trkpt lat="39.995290" lon="-75.191844"><ele>18.0</ele><time>2026-09-20T12:28:16.000Z</time></trkpt>
<trkpt lat="39.995336" lon="-75.191807"><ele>18.0</ele><time>2026-09-20T12:28:18.000Z</time></trkpt>
<trkpt lat="39.995490" lon="-75.191675"><ele>18.0</ele><time>2026-09-20T12:28:24.000Z</time></trkpt>
<trkpt lat="39.995604" lon="-75.191585"><ele>17.8</ele><time>2026-09-20T12:28:28.000Z</time></trkpt>
<trkpt lat="39.995778" lon="-75.191449"><ele>17.6</ele><time>2026-09-20T12:28:35.000Z</time></trkpt>
<trkpt lat="39.995804" lon="-75.191436"><ele>17.4</ele><time>2026-09-20T12:28:36.000Z</time></trkpt>
<trkpt lat="39.995989" lon="-75.191410"><ele>17.4</ele><time>2026-09-20T12:28:43.000Z</time></trkpt>
<trkpt lat="39.996009" lon="-75.191412"><ele>17.4</ele><time>2026-09-20T12:28:44.000Z</time></trkpt>
<trkpt lat="39.996204" lon="-75.191335"><ele>17.2</ele><time>2026-09-20T12:28:51.000Z</time></trkpt>
<trkpt lat="39.996394" lon="-75.191300"><ele>17.0</ele><time>2026-09-20T12:28:58.000Z</time></trkpt>
<trkpt lat="39.996418" lon="-75.191287"><ele>17.0</ele><time>2026-09-20T12:28:59.000Z</time></trkpt>
<trkpt lat="39.996615" lon="-75.191221"><ele>16.6</ele><time>2026-09-20T12:29:07.000Z</time></trkpt>
<trkpt lat="39.996796" lon="-75.191134"><ele>16.6</ele><time>2026-09-20T12:29:14.000Z</time></trkpt>
<trkpt lat="39.996946" lon="-75.191086"><ele>16.8</ele><time>2026-09-20T12:29:20.000Z</time></trkpt>
<trkpt lat="39.997132" lon="-75.191024"><ele>16.8</ele><time>2026-09-20T12:29:27.000Z</time></trkpt>
<trkpt lat="39.997160" lon="-75.191019"><ele>16.8</ele><time>2026-09-20T12:29:28.000Z</time></trkpt>
<trkpt lat="39.997344" lon="-75.190993"><ele>17.0</ele><time>2026-09-20T12:29:35.000Z</time></trkpt>
<trkpt lat="39.997456" lon="-75.190990"><ele>17.2</ele><time>2026-09-20T12:29:39.000Z</time></trkpt>
<trkpt lat="39.997636" lon="-75.190945"><ele>17.6</ele><time>2026-09-20T12:29:46.000Z</time></trkpt>
<trkpt lat="39.997715" lon="-75.190941"><ele>17.8</ele><time>2026-09-20T12:29:49.000Z</time></trkpt>
<trkpt lat="39.997923" lon="-75.190915"><ele>17.8</ele><time>2026-09-20T12:29:57.000Z</time></trkpt>
<trkpt lat="39.997951" lon="-75.190928"><ele>18.0</ele><time>2026-09-20T12:29:58.000Z</time></trkpt>
<trkpt lat="39.998091" lon="-75.190929"><ele>18.2</ele><time>2026-09-20T12:30:03.000Z</time></trkpt>
<trkpt lat="39.998287" lon="-75.190890"><ele>18.0</ele><time>2026-09-20T12:30:10.000Z</time></trkpt>
<trkpt lat="39.998314" lon="-75.190886"><ele>18.0</ele><time>2026-09-20T12:30:11.000Z</time></trkpt>
<trkpt lat="39.998503" lon="-75.190829"><ele>17.6</ele><time>2026-09-20T12:30:18.000Z</time></trkpt>
<trkpt lat="39.998595" lon="-75.190789"><ele>17.6</ele><time>2026-09-20T12:30:21.000Z</time></trkpt>
<trkpt lat="39.998781" lon="-75.190723"><ele>17.4</ele><time>2026-09-20T12:30:27.000Z</time></trkpt>
<trkpt lat="39.998867" lon="-75.190708"><ele>17.2</ele><time>2026-09-20T12:30:30.000Z</time></trkpt>
<trkpt lat="39.999064" lon="-75.190665"><ele>17.0</ele><time>2026-09-20T12:30:37.000Z</time></trkpt>
<trkpt lat="39.999120" lon="-75.190651"><ele>17.0</ele><time>2026-09-20T12:30:39.000Z</time></trkpt>
<trkpt lat="39.999325" lon="-75.190624"><ele>16.8</ele><time>2026-09-20T12:30:46.000Z</time></trkpt>
<trkpt lat="39.999524" lon="-75.190601"><ele>16.8</ele><time>2026-09-20T12:30:53.000Z</time></trkpt>
<trkpt lat="39.999691" lon="-75.190603"><ele>17.0</ele><time>2026-09-20T12:30:59.000Z</time></trkpt>
<trkpt lat="39.999890" lon="-75.190633"><ele>17.2</ele><time>2026-09-20T12:31:06.000Z</time></trkpt>
<trkpt lat="39.999920" lon="-75.190633"><ele>17.2</ele><time>2026-09-20T12:31:07.000Z</time></trkpt>
<trkpt lat="40.000118" lon="-75.190658"><ele>16.8</ele><time>2026-09-20T12:31:14.000Z</time></trkpt>
<trkpt lat="40.000174" lon="-75.190665"><ele>16.8</ele><time>2026-09-20T12:31:16.000Z</time></trkpt>
<trkpt lat="40.000368" lon="-75.190677"><ele>17.2</ele><time>2026-09-20T12:31:23.000Z</time></trkpt>
<trkpt lat="40.000570" lon="-75.190680"><ele>17.2</ele><time>2026-09-20T12:31:30.000Z</time></trkpt>
<trkpt lat="40.000596" lon="-75.190676"><ele>17.2</ele><time>2026-09-20T12:31:31.000Z</time></trkpt>
<trkpt lat="40.000791" lon="-75.190648"><ele>17.2</ele><time>2026-09-20T12:31:38.000Z</time></trkpt>
<trkpt lat="40.000899" lon="-75.190641"><ele>17.2</ele><time>2026-09-20T12:31:42.000Z</time></trkpt>
<trkpt lat="40.001096" lon="-75.190606"><ele>17.2</ele><time>2026-09-20T12:31:49.000Z</time></trkpt>
<trkpt lat="40.001153" lon="-75.190583"><ele>17.2</ele><time>2026-09-20T12:31:51.000Z</time></trkpt>
<trkpt lat="40.001341" lon="-75.190495"><ele>17.2</ele><time>2026-09-20T12:31:58.000Z</time></trkpt>
<trkpt lat="40.001442" lon="-75.190448"><ele>17.4</ele><time>2026-09-20T12:32:02.000Z</time></trkpt>
<trkpt lat="40.001624" lon="-75.190383"><ele>17.4</ele><time>2026-09-20T12:32:09.000Z</time></trkpt>
<trkpt lat="40.001709" lon="-75.190354"><ele>17.4</ele><time>2026-09-20T12:32:12.000Z</time></trkpt>
<trkpt lat="40.001885" lon="-75.190306"><ele>17.6</ele><time>2026-09-20T12:32:19.000Z</time></trkpt>
<trkpt lat="40.001930" lon="-75.190306"><ele>17.6</ele><time>2026-09-20T12:32:21.000Z</time></trkpt>
<trkpt lat="40.002089" lon="-75.190315"><ele>17.6</ele><time>2026-09-20T12:32:27.000Z</time></trkpt>
<trkpt lat="40.002268" lon="-75.190379"><ele>17.6</ele><time>2026-09-20T12:32:34.000Z</time></trkpt>
<trkpt lat="40.002297" lon="-75.190384"><ele>17.6</ele><time>2026-09-20T12:32:35.000Z</time></trkpt>
<trkpt lat="40.002491" lon="-75.190393"><ele>17.4</ele><time>2026-09-20T12:32:42.000Z</time></trkpt>
<trkpt lat="40.002543" lon="-75.190388"><ele>17.4</ele><time>2026-09-20T12:32:44.000Z</time></trkpt>
<trkpt lat="40.002647" lon="-75.190378"><ele>17.6</ele><time>2026-09-20T12:32:48.000Z</time></trkpt>
<trkpt lat="40.002698" lon="-75.190374"><ele>17.8</ele><time>2026-09-20T12:32:50.000Z</time></trkpt>
<trkpt lat="40.002864" lon="-75.190410"><ele>17.8</ele><time>2026-09-20T12:32:56.000Z</time></trkpt>
<trkpt lat="40.003057" lon="-75.190423"><ele>18.0</ele><time>2026-09-20T12:33:03.000Z</time></trkpt>
<trkpt lat="40.003084" lon="-75.190433"><ele>18.0</ele><time>2026-09-20T12:33:04.000Z</time></trkpt>
<trkpt lat="40.003274" lon="-75.190475"><ele>18.0</ele><time>2026-09-20T12:33:11.000Z</time></trkpt>
<trkpt lat="40.003458" lon="-75.190507"><ele>18.4</ele><time>2026-09-20T12:33:18.000Z</time></trkpt>
<trkpt lat="40.003563" lon="-75.190517"><ele>18.4</ele><time>2026-09-20T12:33:22.000Z</time></trkpt>
<trkpt lat="40.003665" lon="-75.190542"><ele>18.6</ele><time>2026-09-20T12:33:26.000Z</time></trkpt>
<trkpt lat="40.003763" lon="-75.190570"><ele>18.6</ele><time>2026-09-20T12:33:30.000Z</time></trkpt>
<trkpt lat="40.003931" lon="-75.190654"><ele>19.2</ele><time>2026-09-20T12:33:37.000Z</time></trkpt>
<trkpt lat="40.004123" lon="-75.190677"><ele>19.4</ele><time>2026-09-20T12:33:44.000Z</time></trkpt>
<trkpt lat="40.004157" lon="-75.190679"><ele>19.4</ele><time>2026-09-20T12:33:45.000Z</time></trkpt>
<trkpt lat="40.004348" lon="-75.190679"><ele>19.2</ele><time>2026-09-20T12:33:52.000Z</time></trkpt>
<trkpt lat="40.004428" lon="-75.190679"><ele>19.2</ele><time>2026-09-20T12:33:55.000Z</time></trkpt>
<trkpt lat="40.004614" lon="-75.190680"><ele>19.0</ele><time>2026-09-20T12:34:02.000Z</time></trkpt>
<trkpt lat="40.004669" lon="-75.190675"><ele>19.0</ele><time>2026-09-20T12:34:04.000Z</time></trkpt>
<trkpt lat="40.004845" lon="-75.190717"><ele>19.2</ele><time>2026-09-20T12:34:10.000Z</time></trkpt>
<trkpt lat="40.004924" lon="-75.190788"><ele>19.2</ele><time>2026-09-20T12:34:13.000Z</time></trkpt>
<trkpt lat="40.005113" lon="-75.190894"><ele>19.0</ele><time>2026-09-20T12:34:20.000Z</time></trkpt>
<trkpt lat="40.005138" lon="-75.190898"><ele>19.0</ele><time>2026-09-20T12:34:21.000Z</time></trkpt>
<trkpt lat="40.005346" lon="-75.190949"><ele>18.8</ele><time>2026-09-20T12:34:28.000Z</time></trkpt>
<trkpt lat="40.005410" lon="-75.190963"><ele>18.8</ele><time>2026-09-20T12:34:30.000Z</time></trkpt>
<trkpt lat="40.005610" lon="-75.191027"><ele>18.4</ele><time>2026-09-20T12:34:37.000Z</time></trkpt>
<trkpt lat="40.005642" lon="-75.191037"><ele>18.4</ele><time>2026-09-20T12:34:38.000Z</time></trkpt>
<trkpt lat="40.005832" lon="-75.191101"><ele>18.0</ele><time>2026-09-20T12:34:45.000Z</time></trkpt>
<trkpt lat="40.006023" lon="-75.191209"><ele>18.0</ele><time>2026-09-20T12:34:52.000Z</time></trkpt>
<trkpt lat="40.006072" lon="-75.191242"><ele>18.0</ele><time>2026-09-20T12:34:54.000Z</time></trkpt>
<trkpt lat="40.006097" lon="-75.191256"><ele>18.0</ele><time>2026-09-20T12:34:55.000Z</time></trkpt>
<trkpt lat="40.006267" lon="-75.191369"><ele>18.0</ele><time>2026-09-20T12:35:02.000Z</time></trkpt>
<trkpt lat="40.006388" lon="-75.191449"><ele>18.2</ele><time>2026-09-20T12:35:07.000Z</time></trkpt>
<trkpt lat="40.006546" lon="-75.191573"><ele>18.4</ele><time>2026-09-20T12:35:14.000Z</time></trkpt>
<trkpt lat="40.006693" lon="-75.191674"><ele>18.4</ele><time>2026-09-20T12:35:20.000Z</time></trkpt>
<trkpt lat="40.006841" lon="-75.191796"><ele>18.2</ele><time>2026-09-20T12:35:26.000Z</time></trkpt>
<trkpt lat="40.007000" lon="-75.191963"><ele>18.2</ele><time>2026-09-20T12:35:33.000Z</time></trkpt>
<trkpt lat="40.007046" lon="-75.192014"><ele>18.0</ele><time>2026-09-20T12:35:35.000Z</time></trkpt>
<trkpt lat="40.007184" lon="-75.192192"><ele>17.6</ele><time>2026-09-20T12:35:43.000Z</time></trkpt>
<trkpt lat="40.007276" lon="-75.192283"><ele>17.4</ele><time>2026-09-20T12:35:46.000Z</time></trkpt>
<trkpt lat="40.007328" lon="-75.192372"><ele>17.4</ele><time>2026-09-20T12:35:49.000Z</time></trkpt>
<trkpt lat="40.007467" lon="-75.192564"><ele>17.2</ele><time>2026-09-20T12:35:56.000Z</time></trkpt>
<trkpt lat="40.007486" lon="-75.192588"><ele>17.0</ele><time>2026-09-20T12:35:57.000Z</time></trkpt>
<trkpt lat="40.007588" lon="-75.192816"><ele>17.0</ele><time>2026-09-20T12:36:04.000Z</time></trkpt>
<trkpt lat="40.007684" lon="-75.192943"><ele>16.8</ele><time>2026-09-20T12:36:09.000Z</time></trkpt>
<trkpt lat="40.007705" lon="-75.192968"><ele>16.8</ele><time>2026-09-20T12:36:10.000Z</time></trkpt>
<trkpt lat="40.007778" lon="-75.193145"><ele>16.8</ele><time>2026-09-20T12:36:15.000Z</time></trkpt>
<trkpt lat="40.007823" lon="-75.193280"><ele>16.4</ele><time>2026-09-20T12:36:19.000Z</time></trkpt>
<trkpt lat="40.007880" lon="-75.193395"><ele>16.4</ele><time>2026-09-20T12:36:23.000Z</time></trkpt>
<trkpt lat="40.007974" lon="-75.193601"><ele>16.4</ele><time>2026-09-20T12:36:30.000Z</time></trkpt>
<trkpt lat="40.008054" lon="-75.193835"><ele>16.4</ele><time>2026-09-20T12:36:37.000Z</time></trkpt>
<trkpt lat="40.008083" lon="-75.193899"><ele>16.4</ele><time>2026-09-20T12:36:39.000Z</time></trkpt>
<trkpt lat="40.008175" lon="-75.194110"><ele>16.4</ele><time>2026-09-20T12:36:46.000Z</time></trkpt>
<trkpt lat="40.008199" lon="-75.194171"><ele>16.4</ele><time>2026-09-20T12:36:48.000Z</time></trkpt>
<trkpt lat="40.008263" lon="-75.194319"><ele>16.4</ele><time>2026-09-20T12:36:53.000Z</time></trkpt>
<trkpt lat="40.008319" lon="-75.194452"><ele>16.4</ele><time>2026-09-20T12:36:57.000Z</time></trkpt>
<trkpt lat="40.008417" lon="-75.194685"><ele>16.2</ele><time>2026-09-20T12:37:04.000Z</time></trkpt>
<trkpt lat="40.008500" lon="-75.194921"><ele>16.0</ele><time>2026-09-20T12:37:11.000Z</time></trkpt>
<trkpt lat="40.008534" lon="-75.195022"><ele>16.0</ele><time>2026-09-20T12:37:14.000Z</time></trkpt>
<trkpt lat="40.008598" lon="-75.195269"><ele>16.2</ele><time>2026-09-20T12:37:21.000Z</time></trkpt>
<trkpt lat="40.008610" lon="-75.195301"><ele>16.2</ele><time>2026-09-20T12:37:22.000Z</time></trkpt>
<trkpt lat="40.008691" lon="-75.195540"><ele>16.0</ele><time>2026-09-20T12:37:30.000Z</time></trkpt>
<trkpt lat="40.008729" lon="-75.195659"><ele>16.0</ele><time>2026-09-20T12:37:34.000Z</time></trkpt>
<trkpt lat="40.008807" lon="-75.195856"><ele>16.0</ele><time>2026-09-20T12:37:41.000Z</time></trkpt>
<trkpt lat="40.008901" lon="-75.196042"><ele>16.8</ele><time>2026-09-20T12:37:48.000Z</time></trkpt>
<trkpt lat="40.008938" lon="-75.196163"><ele>17.4</ele><time>2026-09-20T12:37:52.000Z</time></trkpt>
<trkpt lat="40.008964" lon="-75.196218"><ele>17.6</ele><time>2026-09-20T12:37:54.000Z</time></trkpt>
<trkpt lat="40.009046" lon="-75.196433"><ele>18.2</ele><time>2026-09-20T12:38:01.000Z</time></trkpt>
<trkpt lat="40.009057" lon="-75.196466"><ele>18.2</ele><time>2026-09-20T12:38:02.000Z</time></trkpt>
<trkpt lat="40.009106" lon="-75.196593"><ele>18.6</ele><time>2026-09-20T12:38:06.000Z</time></trkpt>
<trkpt lat="40.009143" lon="-75.196695"><ele>18.8</ele><time>2026-09-20T12:38:09.000Z</time></trkpt>
<trkpt lat="40.009175" lon="-75.196917"><ele>19.4</ele><time>2026-09-20T12:38:16.000Z</time></trkpt>
<trkpt lat="40.009146" lon="-75.196960"><ele>19.6</ele><time>2026-09-20T12:38:18.000Z</time></trkpt>
<trkpt lat="40.009079" lon="-75.197011"><ele>19.8</ele><time>2026-09-20T12:38:21.000Z</time></trkpt>
<trkpt lat="40.008991" lon="-75.197041"><ele>19.8</ele><time>2026-09-20T12:38:26.000Z</time></trkpt>
<trkpt lat="40.008979" lon="-75.197044"><ele>19.8</ele><time>2026-09-20T12:38:27.000Z</time></trkpt>
<trkpt lat="40.008912" lon="-75.197023"><ele>20.0</ele><time>2026-09-20T12:38:32.000Z</time></trkpt>
<trkpt lat="40.008828" lon="-75.197047"><ele>20.4</ele><time>2026-09-20T12:38:37.000Z</time></trkpt>
<trkpt lat="40.008636" lon="-75.197162"><ele>20.4</ele><time>2026-09-20T12:38:45.000Z</time></trkpt>
<trkpt lat="40.008485" lon="-75.197206"><ele>20.6</ele><time>2026-09-20T12:38:52.000Z</time></trkpt>
<trkpt lat="40.008452" lon="-75.197219"><ele>20.8</ele><time>2026-09-20T12:38:54.000Z</time></trkpt>
<trkpt lat="40.008379" lon="-75.197250"><ele>21.0</ele><time>2026-09-20T12:38:58.000Z</time></trkpt>
<trkpt lat="40.008211" lon="-75.197353"><ele>21.2</ele><time>2026-09-20T12:39:04.000Z</time></trkpt>
<trkpt lat="40.008104" lon="-75.197433"><ele>21.4</ele><time>2026-09-20T12:39:10.000Z</time></trkpt>
<trkpt lat="40.008063" lon="-75.197491"><ele>21.4</ele><time>2026-09-20T12:39:15.000Z</time></trkpt>
<trkpt lat="40.007872" lon="-75.197611"><ele>21.4</ele><time>2026-09-20T12:39:20.000Z</time></trkpt>
<trkpt lat="40.007794" lon="-75.197628"><ele>21.4</ele><time>2026-09-20T12:39:22.000Z</time></trkpt>
<trkpt lat="40.007686" lon="-75.197647"><ele>21.4</ele><time>2026-09-20T12:39:25.000Z</time></trkpt>
<trkpt lat="40.007554" lon="-75.197639"><ele>21.4</ele><time>2026-09-20T12:39:30.000Z</time></trkpt>
<trkpt lat="40.007491" lon="-75.197530"><ele>20.6</ele><time>2026-09-20T12:39:35.000Z</time></trkpt>
<trkpt lat="40.007459" lon="-75.197361"><ele>19.4</ele><time>2026-09-20T12:39:42.000Z</time></trkpt>
<trkpt lat="40.007384" lon="-75.197146"><ele>18.8</ele><time>2026-09-20T12:39:49.000Z</time></trkpt>
<trkpt lat="40.007363" lon="-75.197074"><ele>18.4</ele><time>2026-09-20T12:39:51.000Z</time></trkpt>
<trkpt lat="40.007295" lon="-75.196833"><ele>17.6</ele><time>2026-09-20T12:39:57.000Z</time></trkpt>
<trkpt lat="40.007270" lon="-75.196758"><ele>17.4</ele><time>2026-09-20T12:39:59.000Z</time></trkpt>
<trkpt lat="40.007220" lon="-75.196532"><ele>16.4</ele><time>2026-09-20T12:40:05.000Z</time></trkpt>
<trkpt lat="40.007213" lon="-75.196497"><ele>16.4</ele><time>2026-09-20T12:40:06.000Z</time></trkpt>
<trkpt lat="40.007204" lon="-75.196458"><ele>16.2</ele><time>2026-09-20T12:40:07.000Z</time></trkpt>
<trkpt lat="40.007159" lon="-75.196242"><ele>15.6</ele><time>2026-09-20T12:40:13.000Z</time></trkpt>
<trkpt lat="40.007135" lon="-75.196124"><ele>15.2</ele><time>2026-09-20T12:40:16.000Z</time></trkpt>
<trkpt lat="40.007091" lon="-75.195904"><ele>15.0</ele><time>2026-09-20T12:40:22.000Z</time></trkpt>
<trkpt lat="40.007036" lon="-75.195649"><ele>14.8</ele><time>2026-09-20T12:40:29.000Z</time></trkpt>
<trkpt lat="40.007029" lon="-75.195613"><ele>14.8</ele><time>2026-09-20T12:40:30.000Z</time></trkpt>
<trkpt lat="40.006968" lon="-75.195364"><ele>14.8</ele><time>2026-09-20T12:40:37.000Z</time></trkpt>
<trkpt lat="40.006953" lon="-75.195117"><ele>15.2</ele><time>2026-09-20T12:40:44.000Z</time></trkpt>
<trkpt lat="40.006944" lon="-75.195050"><ele>15.2</ele><time>2026-09-20T12:40:46.000Z</time></trkpt>
<trkpt lat="40.006863" lon="-75.194829"><ele>15.2</ele><time>2026-09-20T12:40:52.000Z</time></trkpt>
<trkpt lat="40.006854" lon="-75.194760"><ele>15.4</ele><time>2026-09-20T12:40:54.000Z</time></trkpt>
<trkpt lat="40.006795" lon="-75.194518"><ele>15.2</ele><time>2026-09-20T12:41:01.000Z</time></trkpt>
<trkpt lat="40.006753" lon="-75.194369"><ele>15.0</ele><time>2026-09-20T12:41:05.000Z</time></trkpt>
<trkpt lat="40.006700" lon="-75.194170"><ele>14.8</ele><time>2026-09-20T12:41:11.000Z</time></trkpt>
<trkpt lat="40.006635" lon="-75.193939"><ele>14.8</ele><time>2026-09-20T12:41:18.000Z</time></trkpt>
<trkpt lat="40.006528" lon="-75.193766"><ele>14.8</ele><time>2026-09-20T12:41:24.000Z</time></trkpt>
<trkpt lat="40.006396" lon="-75.193610"><ele>15.2</ele><time>2026-09-20T12:41:30.000Z</time></trkpt>
<trkpt lat="40.006327" lon="-75.193574"><ele>15.2</ele><time>2026-09-20T12:41:32.000Z</time></trkpt>
<trkpt lat="40.006256" lon="-75.193552"><ele>15.2</ele><time>2026-09-20T12:41:35.000Z</time></trkpt>
<trkpt lat="40.006108" lon="-75.193466"><ele>15.2</ele><time>2026-09-20T12:41:42.000Z</time></trkpt>
<trkpt lat="40.005942" lon="-75.193341"><ele>15.0</ele><time>2026-09-20T12:41:48.000Z</time></trkpt>
<trkpt lat="40.005915" lon="-75.193322"><ele>15.0</ele><time>2026-09-20T12:41:49.000Z</time></trkpt>
<trkpt lat="40.005728" lon="-75.193223"><ele>14.8</ele><time>2026-09-20T12:41:56.000Z</time></trkpt>
<trkpt lat="40.005675" lon="-75.193190"><ele>14.8</ele><time>2026-09-20T12:41:58.000Z</time></trkpt>
<trkpt lat="40.005507" lon="-75.193093"><ele>14.6</ele><time>2026-09-20T12:42:04.000Z</time></trkpt>
<trkpt lat="40.005427" lon="-75.193061"><ele>14.6</ele><time>2026-09-20T12:42:07.000Z</time></trkpt>
<trkpt lat="40.005253" lon="-75.193006"><ele>14.2</ele><time>2026-09-20T12:42:14.000Z</time></trkpt>
<trkpt lat="40.005180" lon="-75.192978"><ele>14.0</ele><time>2026-09-20T12:42:17.000Z</time></trkpt>
<trkpt lat="40.005018" lon="-75.192930"><ele>14.0</ele><time>2026-09-20T12:42:23.000Z</time></trkpt>
<trkpt lat="40.004866" lon="-75.192858"><ele>13.8</ele><time>2026-09-20T12:42:28.000Z</time></trkpt>
<trkpt lat="40.004688" lon="-75.192770"><ele>13.8</ele><time>2026-09-20T12:42:35.000Z</time></trkpt>
<trkpt lat="40.004508" lon="-75.192685"><ele>14.0</ele><time>2026-09-20T12:42:42.000Z</time></trkpt>
<trkpt lat="40.004482" lon="-75.192680"><ele>14.0</ele><time>2026-09-20T12:42:43.000Z</time></trkpt>
<trkpt lat="40.004302" lon="-75.192629"><ele>14.2</ele><time>2026-09-20T12:42:50.000Z</time></trkpt>
<trkpt lat="40.004137" lon="-75.192627"><ele>14.4</ele><time>2026-09-20T12:42:56.000Z</time></trkpt>
<trkpt lat="40.003953" lon="-75.192573"><ele>14.6</ele><time>2026-09-20T12:43:03.000Z</time></trkpt>
<trkpt lat="40.003839" lon="-75.192541"><ele>14.8</ele><time>2026-09-20T12:43:07.000Z</time></trkpt>
<trkpt lat="40.003679" lon="-75.192517"><ele>14.8</ele><time>2026-09-20T12:43:13.000Z</time></trkpt>
<trkpt lat="40.003487" lon="-75.192519"><ele>15.0</ele><time>2026-09-20T12:43:20.000Z</time></trkpt>
<trkpt lat="40.003424" lon="-75.192524"><ele>15.2</ele><time>2026-09-20T12:43:22.000Z</time></trkpt>
<trkpt lat="40.003261" lon="-75.192543"><ele>15.0</ele><time>2026-09-20T12:43:28.000Z</time></trkpt>
<trkpt lat="40.003076" lon="-75.192550"><ele>14.8</ele><time>2026-09-20T12:43:35.000Z</time></trkpt>
<trkpt lat="40.003046" lon="-75.192549"><ele>14.8</ele><time>2026-09-20T12:43:36.000Z</time></trkpt>
<trkpt lat="40.002851" lon="-75.192545"><ele>14.4</ele><time>2026-09-20T12:43:43.000Z</time></trkpt>
<trkpt lat="40.002652" lon="-75.192557"><ele>14.4</ele><time>2026-09-20T12:43:50.000Z</time></trkpt>
<trkpt lat="40.002589" lon="-75.192561"><ele>14.4</ele><time>2026-09-20T12:43:52.000Z</time></trkpt>
<trkpt lat="40.002525" lon="-75.192566"><ele>14.2</ele><time>2026-09-20T12:43:54.000Z</time></trkpt>
<trkpt lat="40.002329" lon="-75.192581"><ele>14.0</ele><time>2026-09-20T12:44:01.000Z</time></trkpt>
<trkpt lat="40.002150" lon="-75.192572"><ele>14.0</ele><time>2026-09-20T12:44:08.000Z</time></trkpt>
<trkpt lat="40.001966" lon="-75.192558"><ele>13.8</ele><time>2026-09-20T12:44:15.000Z</time></trkpt>
<trkpt lat="40.001889" lon="-75.192557"><ele>13.8</ele><time>2026-09-20T12:44:18.000Z</time></trkpt>
<trkpt lat="40.001694" lon="-75.192555"><ele>13.8</ele><time>2026-09-20T12:44:26.000Z</time></trkpt>
<trkpt lat="40.001638" lon="-75.192570"><ele>13.8</ele><time>2026-09-20T12:44:28.000Z</time></trkpt>
<trkpt lat="40.001494" lon="-75.192578"><ele>13.4</ele><time>2026-09-20T12:44:33.000Z</time></trkpt>
<trkpt lat="40.001302" lon="-75.192609"><ele>13.4</ele><time>2026-09-20T12:44:39.000Z</time></trkpt>
<trkpt lat="40.001272" lon="-75.192621"><ele>13.4</ele><time>2026-09-20T12:44:40.000Z</time></trkpt>
<trkpt lat="40.001133" lon="-75.192679"><ele>13.2</ele><time>2026-09-20T12:44:45.000Z</time></trkpt>
<trkpt lat="40.001105" lon="-75.192689"><ele>13.2</ele><time>2026-09-20T12:44:46.000Z</time></trkpt>
<trkpt lat="40.000943" lon="-75.192738"><ele>13.2</ele><time>2026-09-20T12:44:52.000Z</time></trkpt>
<trkpt lat="40.000796" lon="-75.192790"><ele>13.4</ele><time>2026-09-20T12:44:58.000Z</time></trkpt>
<trkpt lat="40.000631" lon="-75.192823"><ele>13.6</ele><time>2026-09-20T12:45:04.000Z</time></trkpt>
<trkpt lat="40.000457" lon="-75.192896"><ele>13.4</ele><time>2026-09-20T12:45:11.000Z</time></trkpt>
<trkpt lat="40.000334" lon="-75.192935"><ele>13.6</ele><time>2026-09-20T12:45:16.000Z</time></trkpt>
<trkpt lat="40.000151" lon="-75.193028"><ele>13.6</ele><time>2026-09-20T12:45:23.000Z</time></trkpt>
<trkpt lat="40.000123" lon="-75.193038"><ele>13.8</ele><time>2026-09-20T12:45:24.000Z</time></trkpt>
<trkpt lat="39.999935" lon="-75.193097"><ele>14.0</ele><time>2026-09-20T12:45:31.000Z</time></trkpt>
<trkpt lat="39.999907" lon="-75.193107"><ele>14.0</ele><time>2026-09-20T12:45:32.000Z</time></trkpt>
<trkpt lat="39.999736" lon="-75.193145"><ele>14.0</ele><time>2026-09-20T12:45:38.000Z</time></trkpt>
<trkpt lat="39.999566" lon="-75.193213"><ele>14.2</ele><time>2026-09-20T12:45:45.000Z</time></trkpt>
<trkpt lat="39.999539" lon="-75.193224"><ele>14.2</ele><time>2026-09-20T12:45:46.000Z</time></trkpt>
<trkpt lat="39.999374" lon="-75.193298"><ele>14.4</ele><time>2026-09-20T12:45:53.000Z</time></trkpt>
<trkpt lat="39.999194" lon="-75.193376"><ele>14.4</ele><time>2026-09-20T12:46:00.000Z</time></trkpt>
<trkpt lat="39.999165" lon="-75.193391"><ele>14.4</ele><time>2026-09-20T12:46:01.000Z</time></trkpt>
<trkpt lat="39.999005" lon="-75.193461"><ele>14.2</ele><time>2026-09-20T12:46:07.000Z</time></trkpt>
<trkpt lat="39.998820" lon="-75.193480"><ele>14.0</ele><time>2026-09-20T12:46:13.000Z</time></trkpt>
<trkpt lat="39.998724" lon="-75.193498"><ele>14.0</ele><time>2026-09-20T12:46:16.000Z</time></trkpt>
<trkpt lat="39.998544" lon="-75.193560"><ele>13.8</ele><time>2026-09-20T12:46:22.000Z</time></trkpt>
<trkpt lat="39.998485" lon="-75.193582"><ele>13.8</ele><time>2026-09-20T12:46:24.000Z</time></trkpt>
<trkpt lat="39.998310" lon="-75.193640"><ele>13.8</ele><time>2026-09-20T12:46:30.000Z</time></trkpt>
<trkpt lat="39.998203" lon="-75.193688"><ele>13.8</ele><time>2026-09-20T12:46:34.000Z</time></trkpt>
<trkpt lat="39.998030" lon="-75.193769"><ele>13.8</ele><time>2026-09-20T12:46:40.000Z</time></trkpt>
<trkpt lat="39.997965" lon="-75.193824"><ele>13.8</ele><time>2026-09-20T12:46:43.000Z</time></trkpt>
<trkpt lat="39.997828" lon="-75.193949"><ele>13.6</ele><time>2026-09-20T12:46:50.000Z</time></trkpt>
<trkpt lat="39.997682" lon="-75.194124"><ele>14.0</ele><time>2026-09-20T12:46:58.000Z</time></trkpt>
<trkpt lat="39.997617" lon="-75.194170"><ele>14.0</ele><time>2026-09-20T12:47:01.000Z</time></trkpt>
<trkpt lat="39.997456" lon="-75.194303"><ele>14.2</ele><time>2026-09-20T12:47:08.000Z</time></trkpt>
<trkpt lat="39.997411" lon="-75.194348"><ele>14.4</ele><time>2026-09-20T12:47:10.000Z</time></trkpt>
<trkpt lat="39.997234" lon="-75.194447"><ele>14.8</ele><time>2026-09-20T12:47:17.000Z</time></trkpt>
<trkpt lat="39.997182" lon="-75.194470"><ele>14.8</ele><time>2026-09-20T12:47:19.000Z</time></trkpt>
<trkpt lat="39.997001" lon="-75.194588"><ele>15.2</ele><time>2026-09-20T12:47:27.000Z</time></trkpt>
<trkpt lat="39.996836" lon="-75.194727"><ele>15.4</ele><time>2026-09-20T12:47:34.000Z</time></trkpt>
<trkpt lat="39.996816" lon="-75.194751"><ele>15.4</ele><time>2026-09-20T12:47:35.000Z</time></trkpt>
<trkpt lat="39.996702" lon="-75.194909"><ele>15.8</ele><time>2026-09-20T12:47:41.000Z</time></trkpt>
<trkpt lat="39.996537" lon="-75.195055"><ele>16.2</ele><time>2026-09-20T12:47:48.000Z</time></trkpt>
<trkpt lat="39.996514" lon="-75.195078"><ele>16.2</ele><time>2026-09-20T12:47:49.000Z</time></trkpt>
<trkpt lat="39.996456" lon="-75.195152"><ele>16.4</ele><time>2026-09-20T12:47:52.000Z</time></trkpt>
<trkpt lat="39.996311" lon="-75.195254"><ele>16.8</ele><time>2026-09-20T12:47:58.000Z</time></trkpt>
<trkpt lat="39.996126" lon="-75.195358"><ele>17.2</ele><time>2026-09-20T12:48:06.000Z</time></trkpt>
<trkpt lat="39.995936" lon="-75.195505"><ele>17.2</ele><time>2026-09-20T12:48:13.000Z</time></trkpt>
<trkpt lat="39.995809" lon="-75.195677"><ele>16.8</ele><time>2026-09-20T12:48:18.000Z</time></trkpt>
<trkpt lat="39.995740" lon="-75.195729"><ele>16.8</ele><time>2026-09-20T12:48:21.000Z</time></trkpt>
<trkpt lat="39.995580" lon="-75.195860"><ele>16.8</ele><time>2026-09-20T12:48:28.000Z</time></trkpt>
<trkpt lat="39.995500" lon="-75.195905"><ele>16.8</ele><time>2026-09-20T12:48:31.000Z</time></trkpt>
<trkpt lat="39.995344" lon="-75.196058"><ele>16.6</ele><time>2026-09-20T12:48:38.000Z</time></trkpt>
<trkpt lat="39.995207" lon="-75.196210"><ele>16.4</ele><time>2026-09-20T12:48:44.000Z</time></trkpt>
<trkpt lat="39.995164" lon="-75.196237"><ele>16.4</ele><time>2026-09-20T12:48:46.000Z</time></trkpt>
<trkpt lat="39.994995" lon="-75.196370"><ele>16.0</ele><time>2026-09-20T12:48:54.000Z</time></trkpt>
<trkpt lat="39.994975" lon="-75.196377"><ele>16.0</ele><time>2026-09-20T12:48:55.000Z</time></trkpt>
<trkpt lat="39.994812" lon="-75.196494"><ele>15.8</ele><time>2026-09-20T12:49:02.000Z</time></trkpt>
<trkpt lat="39.994785" lon="-75.196514"><ele>15.6</ele><time>2026-09-20T12:49:03.000Z</time></trkpt>
<trkpt lat="39.994623" lon="-75.196643"><ele>15.4</ele><time>2026-09-20T12:49:09.000Z</time></trkpt>
<trkpt lat="39.994590" lon="-75.196667"><ele>15.4</ele><time>2026-09-20T12:49:10.000Z</time></trkpt>
<trkpt lat="39.994478" lon="-75.196771"><ele>15.4</ele><time>2026-09-20T12:49:15.000Z</time></trkpt>
<trkpt lat="39.994354" lon="-75.196869"><ele>15.2</ele><time>2026-09-20T12:49:20.000Z</time></trkpt>
<trkpt lat="39.994210" lon="-75.196988"><ele>15.0</ele><time>2026-09-20T12:49:26.000Z</time></trkpt>
<trkpt lat="39.994065" lon="-75.197144"><ele>14.8</ele><time>2026-09-20T12:49:33.000Z</time></trkpt>
<trkpt lat="39.994041" lon="-75.197167"><ele>14.8</ele><time>2026-09-20T12:49:34.000Z</time></trkpt>
<trkpt lat="39.993895" lon="-75.197329"><ele>14.6</ele><time>2026-09-20T12:49:41.000Z</time></trkpt>
<trkpt lat="39.993823" lon="-75.197410"><ele>14.6</ele><time>2026-09-20T12:49:44.000Z</time></trkpt>
<trkpt lat="39.993686" lon="-75.197566"><ele>14.4</ele><time>2026-09-20T12:49:51.000Z</time></trkpt>
<trkpt lat="39.993663" lon="-75.197586"><ele>14.4</ele><time>2026-09-20T12:49:52.000Z</time></trkpt>
<trkpt lat="39.993636" lon="-75.197603"><ele>14.2</ele><time>2026-09-20T12:49:53.000Z</time></trkpt>
<trkpt lat="39.993561" lon="-75.197670"><ele>14.2</ele><time>2026-09-20T12:49:57.000Z</time></trkpt>
<trkpt lat="39.993414" lon="-75.197850"><ele>14.0</ele><time>2026-09-20T12:50:05.000Z</time></trkpt>
<trkpt lat="39.993373" lon="-75.197906"><ele>14.0</ele><time>2026-09-20T12:50:07.000Z</time></trkpt>
<trkpt lat="39.993228" lon="-75.198060"><ele>13.8</ele><time>2026-09-20T12:50:14.000Z</time></trkpt>
<trkpt lat="39.993207" lon="-75.198083"><ele>13.8</ele><time>2026-09-20T12:50:15.000Z</time></trkpt>
<trkpt lat="39.993074" lon="-75.198254"><ele>13.8</ele><time>2026-09-20T12:50:22.000Z</time></trkpt>
<trkpt lat="39.992970" lon="-75.198375"><ele>13.8</ele><time>2026-09-20T12:50:27.000Z</time></trkpt>
<trkpt lat="39.992838" lon="-75.198560"><ele>13.8</ele><time>2026-09-20T12:50:34.000Z</time></trkpt>
<trkpt lat="39.992822" lon="-75.198587"><ele>13.8</ele><time>2026-09-20T12:50:35.000Z</time></trkpt>
<trkpt lat="39.992678" lon="-75.198757"><ele>14.0</ele><time>2026-09-20T12:50:42.000Z</time></trkpt>
<trkpt lat="39.992628" lon="-75.198807"><ele>14.2</ele><time>2026-09-20T12:50:44.000Z</time></trkpt>
<trkpt lat="39.992511" lon="-75.198983"><ele>14.4</ele><time>2026-09-20T12:50:50.000Z</time></trkpt>
<trkpt lat="39.992452" lon="-75.199062"><ele>14.4</ele><time>2026-09-20T12:50:53.000Z</time></trkpt>
<trkpt lat="39.992312" lon="-75.199236"><ele>14.2</ele><time>2026-09-20T12:51:00.000Z</time></trkpt>
<trkpt lat="39.992230" lon="-75.199349"><ele>14.2</ele><time>2026-09-20T12:51:04.000Z</time></trkpt>
<trkpt lat="39.992121" lon="-75.199515"><ele>14.4</ele><time>2026-09-20T12:51:10.000Z</time></trkpt>
<trkpt lat="39.991971" lon="-75.199704"><ele>14.2</ele><time>2026-09-20T12:51:17.000Z</time></trkpt>
<trkpt lat="39.991919" lon="-75.199776"><ele>14.4</ele><time>2026-09-20T12:51:20.000Z</time></trkpt>
<trkpt lat="39.991796" lon="-75.199953"><ele>14.4</ele><time>2026-09-20T12:51:27.000Z</time></trkpt>
<trkpt lat="39.991751" lon="-75.199997"><ele>14.4</ele><time>2026-09-20T12:51:29.000Z</time></trkpt>
<trkpt lat="39.991621" lon="-75.200181"><ele>14.0</ele><time>2026-09-20T12:51:36.000Z</time></trkpt>
<trkpt lat="39.991598" lon="-75.200202"><ele>14.0</ele><time>2026-09-20T12:51:37.000Z</time></trkpt>
<trkpt lat="39.991461" lon="-75.200359"><ele>14.0</ele><time>2026-09-20T12:51:44.000Z</time></trkpt>
<trkpt lat="39.991406" lon="-75.200420"><ele>14.2</ele><time>2026-09-20T12:51:47.000Z</time></trkpt>
<trkpt lat="39.991261" lon="-75.200589"><ele>14.0</ele><time>2026-09-20T12:51:54.000Z</time></trkpt>
<trkpt lat="39.991112" lon="-75.200752"><ele>14.0</ele><time>2026-09-20T12:52:01.000Z</time></trkpt>
<trkpt lat="39.991071" lon="-75.200800"><ele>14.0</ele><time>2026-09-20T12:52:03.000Z</time></trkpt>
<trkpt lat="39.990979" lon="-75.200938"><ele>14.0</ele><time>2026-09-20T12:52:08.000Z</time></trkpt>
<trkpt lat="39.990862" lon="-75.201153"><ele>14.0</ele><time>2026-09-20T12:52:15.000Z</time></trkpt>
<trkpt lat="39.990810" lon="-75.201235"><ele>14.2</ele><time>2026-09-20T12:52:18.000Z</time></trkpt>
<trkpt lat="39.990681" lon="-75.201421"><ele>14.2</ele><time>2026-09-20T12:52:25.000Z</time></trkpt>
<trkpt lat="39.990637" lon="-75.201481"><ele>14.2</ele><time>2026-09-20T12:52:27.000Z</time></trkpt>
<trkpt lat="39.990518" lon="-75.201669"><ele>14.2</ele><time>2026-09-20T12:52:34.000Z</time></trkpt>
<trkpt lat="39.990505" lon="-75.201691"><ele>14.2</ele><time>2026-09-20T12:52:35.000Z</time></trkpt>
<trkpt lat="39.990474" lon="-75.201751"><ele>14.2</ele><time>2026-09-20T12:52:37.000Z</time></trkpt>
<trkpt lat="39.990372" lon="-75.201886"><ele>14.4</ele><time>2026-09-20T12:52:42.000Z</time></trkpt>
<trkpt lat="39.990249" lon="-75.202058"><ele>14.4</ele><time>2026-09-20T12:52:49.000Z</time></trkpt>
<trkpt lat="39.990083" lon="-75.202223"><ele>14.4</ele><time>2026-09-20T12:52:57.000Z</time></trkpt>
<trkpt lat="39.990065" lon="-75.202244"><ele>14.4</ele><time>2026-09-20T12:52:58.000Z</time></trkpt>
<trkpt lat="39.989939" lon="-75.202392"><ele>14.4</ele><time>2026-09-20T12:53:04.000Z</time></trkpt>
<trkpt lat="39.989778" lon="-75.202550"><ele>14.4</ele><time>2026-09-20T12:53:11.000Z</time></trkpt>
<trkpt lat="39.989727" lon="-75.202587"><ele>14.2</ele><time>2026-09-20T12:53:13.000Z</time></trkpt>
<trkpt lat="39.989576" lon="-75.202732"><ele>14.2</ele><time>2026-09-20T12:53:20.000Z</time></trkpt>
<trkpt lat="39.989524" lon="-75.202770"><ele>14.2</ele><time>2026-09-20T12:53:22.000Z</time></trkpt>
<trkpt lat="39.989356" lon="-75.202877"><ele>14.0</ele><time>2026-09-20T12:53:29.000Z</time></trkpt>
<trkpt lat="39.989301" lon="-75.202934"><ele>14.0</ele><time>2026-09-20T12:53:32.000Z</time></trkpt>
<trkpt lat="39.989130" lon="-75.203040"><ele>14.0</ele><time>2026-09-20T12:53:40.000Z</time></trkpt>
<trkpt lat="39.989102" lon="-75.203062"><ele>14.0</ele><time>2026-09-20T12:53:42.000Z</time></trkpt>
<trkpt lat="39.988929" lon="-75.203163"><ele>14.0</ele><time>2026-09-20T12:53:50.000Z</time></trkpt>
<trkpt lat="39.988817" lon="-75.203278"><ele>14.2</ele><time>2026-09-20T12:53:56.000Z</time></trkpt>
<trkpt lat="39.988654" lon="-75.203431"><ele>14.2</ele><time>2026-09-20T12:54:03.000Z</time></trkpt>
<trkpt lat="39.988611" lon="-75.203474"><ele>14.2</ele><time>2026-09-20T12:54:05.000Z</time></trkpt>
<trkpt lat="39.988537" lon="-75.203536"><ele>14.2</ele><time>2026-09-20T12:54:08.000Z</time></trkpt>
<trkpt lat="39.988405" lon="-75.203625"><ele>14.2</ele><time>2026-09-20T12:54:13.000Z</time></trkpt>
<trkpt lat="39.988244" lon="-75.203745"><ele>14.2</ele><time>2026-09-20T12:54:19.000Z</time></trkpt>
<trkpt lat="39.988220" lon="-75.203764"><ele>14.0</ele><time>2026-09-20T12:54:20.000Z</time></trkpt>
<trkpt lat="39.988050" lon="-75.203879"><ele>14.0</ele><time>2026-09-20T12:54:27.000Z</time></trkpt>
<trkpt lat="39.988022" lon="-75.203891"><ele>14.0</ele><time>2026-09-20T12:54:28.000Z</time></trkpt>
<trkpt lat="39.987993" lon="-75.203886"><ele>14.0</ele><time>2026-09-20T12:54:31.000Z</time></trkpt>
<trkpt lat="39.988005" lon="-75.203880"><ele>14.0</ele><time>2026-09-20T12:54:32.000Z</time></trkpt>
<trkpt lat="39.988110" lon="-75.203849"><ele>14.0</ele><time>2026-09-20T12:54:36.000Z</time></trkpt>
<trkpt lat="39.988270" lon="-75.203776"><ele>13.8</ele><time>2026-09-20T12:54:42.000Z</time></trkpt>
<trkpt lat="39.988453" lon="-75.203700"><ele>13.8</ele><time>2026-09-20T12:54:50.000Z</time></trkpt>
<trkpt lat="39.988587" lon="-75.203558"><ele>14.0</ele><time>2026-09-20T12:54:56.000Z</time></trkpt>
<trkpt lat="39.988736" lon="-75.203393"><ele>14.0</ele><time>2026-09-20T12:55:03.000Z</time></trkpt>
<trkpt lat="39.988884" lon="-75.203323"><ele>14.0</ele><time>2026-09-20T12:55:10.000Z</time></trkpt>
<trkpt lat="39.989056" lon="-75.203197"><ele>14.2</ele><time>2026-09-20T12:55:18.000Z</time></trkpt>
<trkpt lat="39.989179" lon="-75.203109"><ele>14.4</ele><time>2026-09-20T12:55:23.000Z</time></trkpt>
<trkpt lat="39.989314" lon="-75.202999"><ele>14.2</ele><time>2026-09-20T12:55:29.000Z</time></trkpt>
<trkpt lat="39.989390" lon="-75.202955"><ele>14.2</ele><time>2026-09-20T12:55:32.000Z</time></trkpt>
<trkpt lat="39.989547" lon="-75.202829"><ele>14.0</ele><time>2026-09-20T12:55:38.000Z</time></trkpt>
<trkpt lat="39.989570" lon="-75.202816"><ele>14.2</ele><time>2026-09-20T12:55:39.000Z</time></trkpt>
<trkpt lat="39.989745" lon="-75.202687"><ele>14.0</ele><time>2026-09-20T12:55:46.000Z</time></trkpt>
<trkpt lat="39.989898" lon="-75.202561"><ele>13.6</ele><time>2026-09-20T12:55:52.000Z</time></trkpt>
<trkpt lat="39.990017" lon="-75.202407"><ele>13.6</ele><time>2026-09-20T12:55:57.000Z</time></trkpt>
<trkpt lat="39.990028" lon="-75.202382"><ele>13.6</ele><time>2026-09-20T12:55:58.000Z</time></trkpt>
<trkpt lat="39.990111" lon="-75.202260"><ele>13.6</ele><time>2026-09-20T12:56:03.000Z</time></trkpt>
<trkpt lat="39.990147" lon="-75.202202"><ele>13.6</ele><time>2026-09-20T12:56:05.000Z</time></trkpt>
<trkpt lat="39.990248" lon="-75.202092"><ele>13.6</ele><time>2026-09-20T12:56:09.000Z</time></trkpt>
<trkpt lat="39.990400" lon="-75.201943"><ele>13.6</ele><time>2026-09-20T12:56:14.000Z</time></trkpt>
<trkpt lat="39.990474" lon="-75.201858"><ele>13.8</ele><time>2026-09-20T12:56:17.000Z</time></trkpt>
<trkpt lat="39.990579" lon="-75.201761"><ele>13.6</ele><time>2026-09-20T12:56:21.000Z</time></trkpt>
<trkpt lat="39.990651" lon="-75.201622"><ele>13.6</ele><time>2026-09-20T12:56:26.000Z</time></trkpt>
<trkpt lat="39.990740" lon="-75.201455"><ele>13.4</ele><time>2026-09-20T12:56:32.000Z</time></trkpt>
<trkpt lat="39.990885" lon="-75.201276"><ele>13.4</ele><time>2026-09-20T12:56:39.000Z</time></trkpt>
<trkpt lat="39.990978" lon="-75.201136"><ele>13.2</ele><time>2026-09-20T12:56:45.000Z</time></trkpt>
<trkpt lat="39.990993" lon="-75.201108"><ele>13.2</ele><time>2026-09-20T12:56:46.000Z</time></trkpt>
<trkpt lat="39.991099" lon="-75.200957"><ele>13.2</ele><time>2026-09-20T12:56:52.000Z</time></trkpt>
<trkpt lat="39.991152" lon="-75.200871"><ele>13.0</ele><time>2026-09-20T12:56:55.000Z</time></trkpt>
<trkpt lat="39.991266" lon="-75.200703"><ele>12.8</ele><time>2026-09-20T12:57:01.000Z</time></trkpt>
<trkpt lat="39.991392" lon="-75.200513"><ele>12.8</ele><time>2026-09-20T12:57:07.000Z</time></trkpt>
<trkpt lat="39.991406" lon="-75.200491"><ele>12.8</ele><time>2026-09-20T12:57:08.000Z</time></trkpt>
<trkpt lat="39.991555" lon="-75.200297"><ele>12.8</ele><time>2026-09-20T12:57:15.000Z</time></trkpt>
<trkpt lat="39.991596" lon="-75.200246"><ele>13.0</ele><time>2026-09-20T12:57:17.000Z</time></trkpt>
<trkpt lat="39.991754" lon="-75.200110"><ele>12.8</ele><time>2026-09-20T12:57:23.000Z</time></trkpt>
<trkpt lat="39.991799" lon="-75.200064"><ele>13.2</ele><time>2026-09-20T12:57:25.000Z</time></trkpt>
<trkpt lat="39.991896" lon="-75.199909"><ele>13.2</ele><time>2026-09-20T12:57:31.000Z</time></trkpt>
<trkpt lat="39.991989" lon="-75.199800"><ele>13.4</ele><time>2026-09-20T12:57:36.000Z</time></trkpt>
<trkpt lat="39.992129" lon="-75.199617"><ele>13.0</ele><time>2026-09-20T12:57:43.000Z</time></trkpt>
<trkpt lat="39.992184" lon="-75.199539"><ele>13.2</ele><time>2026-09-20T12:57:46.000Z</time></trkpt>
<trkpt lat="39.992313" lon="-75.199372"><ele>13.2</ele><time>2026-09-20T12:57:52.000Z</time></trkpt>
<trkpt lat="39.992336" lon="-75.199344"><ele>13.0</ele><time>2026-09-20T12:57:53.000Z</time></trkpt>
<trkpt lat="39.992475" lon="-75.199172"><ele>13.0</ele><time>2026-09-20T12:57:59.000Z</time></trkpt>
<trkpt lat="39.992513" lon="-75.199105"><ele>12.8</ele><time>2026-09-20T12:58:01.000Z</time></trkpt>
<trkpt lat="39.992608" lon="-75.198969"><ele>12.8</ele><time>2026-09-20T12:58:06.000Z</time></trkpt>
<trkpt lat="39.992743" lon="-75.198788"><ele>12.6</ele><time>2026-09-20T12:58:13.000Z</time></trkpt>
<trkpt lat="39.992768" lon="-75.198763"><ele>12.6</ele><time>2026-09-20T12:58:14.000Z</time></trkpt>
<trkpt lat="39.992908" lon="-75.198570"><ele>12.4</ele><time>2026-09-20T12:58:21.000Z</time></trkpt>
<trkpt lat="39.993042" lon="-75.198388"><ele>12.4</ele><time>2026-09-20T12:58:28.000Z</time></trkpt>
<trkpt lat="39.993062" lon="-75.198365"><ele>12.4</ele><time>2026-09-20T12:58:29.000Z</time></trkpt>
<trkpt lat="39.993194" lon="-75.198219"><ele>12.2</ele><time>2026-09-20T12:58:35.000Z</time></trkpt>
<trkpt lat="39.993245" lon="-75.198170"><ele>12.2</ele><time>2026-09-20T12:58:37.000Z</time></trkpt>
<trkpt lat="39.993383" lon="-75.198000"><ele>12.4</ele><time>2026-09-20T12:58:44.000Z</time></trkpt>
<trkpt lat="39.993521" lon="-75.197840"><ele>12.4</ele><time>2026-09-20T12:58:51.000Z</time></trkpt>
<trkpt lat="39.993536" lon="-75.197821"><ele>12.4</ele><time>2026-09-20T12:58:52.000Z</time></trkpt>
<trkpt lat="39.993681" lon="-75.197655"><ele>12.6</ele><time>2026-09-20T12:58:59.000Z</time></trkpt>
<trkpt lat="39.993702" lon="-75.197638"><ele>12.6</ele><time>2026-09-20T12:59:00.000Z</time></trkpt>
<trkpt lat="39.993852" lon="-75.197499"><ele>12.6</ele><time>2026-09-20T12:59:06.000Z</time></trkpt>
<trkpt lat="39.993950" lon="-75.197409"><ele>12.6</ele><time>2026-09-20T12:59:10.000Z</time></trkpt>
<trkpt lat="39.994100" lon="-75.197256"><ele>12.6</ele><time>2026-09-20T12:59:17.000Z</time></trkpt>
<trkpt lat="39.994250" lon="-75.197117"><ele>13.0</ele><time>2026-09-20T12:59:24.000Z</time></trkpt>
<trkpt lat="39.994278" lon="-75.197098"><ele>13.0</ele><time>2026-09-20T12:59:25.000Z</time></trkpt>
<trkpt lat="39.994353" lon="-75.197038"><ele>13.4</ele><time>2026-09-20T12:59:28.000Z</time></trkpt>
<trkpt lat="39.994459" lon="-75.196935"><ele>13.6</ele><time>2026-09-20T12:59:33.000Z</time></trkpt>
<trkpt lat="39.994615" lon="-75.196794"><ele>13.8</ele><time>2026-09-20T12:59:40.000Z</time></trkpt>
<trkpt lat="39.994636" lon="-75.196775"><ele>14.0</ele><time>2026-09-20T12:59:41.000Z</time></trkpt>
<trkpt lat="39.994789" lon="-75.196645"><ele>14.2</ele><time>2026-09-20T12:59:48.000Z</time></trkpt>
<trkpt lat="39.994810" lon="-75.196627"><ele>14.4</ele><time>2026-09-20T12:59:49.000Z</time></trkpt>
<trkpt lat="39.994830" lon="-75.196609"><ele>14.4</ele><time>2026-09-20T12:59:50.000Z</time></trkpt>
<trkpt lat="39.994978" lon="-75.196480"><ele>14.6</ele><time>2026-09-20T12:59:57.000Z</time></trkpt>
<trkpt lat="39.995048" lon="-75.196436"><ele>14.8</ele><time>2026-09-20T13:00:00.000Z</time></trkpt>
<trkpt lat="39.995241" lon="-75.196314"><ele>15.2</ele><time>2026-09-20T13:00:08.000Z</time></trkpt>
<trkpt lat="39.995263" lon="-75.196291"><ele>15.2</ele><time>2026-09-20T13:00:09.000Z</time></trkpt>
<trkpt lat="39.995385" lon="-75.196170"><ele>15.2</ele><time>2026-09-20T13:00:15.000Z</time></trkpt>
<trkpt lat="39.995405" lon="-75.196149"><ele>15.4</ele><time>2026-09-20T13:00:16.000Z</time></trkpt>
<trkpt lat="39.995538" lon="-75.196023"><ele>15.4</ele><time>2026-09-20T13:00:22.000Z</time></trkpt>
<trkpt lat="39.995560" lon="-75.196006"><ele>15.4</ele><time>2026-09-20T13:00:23.000Z</time></trkpt>
<trkpt lat="39.995742" lon="-75.195858"><ele>16.0</ele><time>2026-09-20T13:00:30.000Z</time></trkpt>
<trkpt lat="39.995798" lon="-75.195818"><ele>16.0</ele><time>2026-09-20T13:00:32.000Z</time></trkpt>
<trkpt lat="39.995954" lon="-75.195687"><ele>16.4</ele><time>2026-09-20T13:00:39.000Z</time></trkpt>
<trkpt lat="39.996038" lon="-75.195607"><ele>16.2</ele><time>2026-09-20T13:00:44.000Z</time></trkpt>
<trkpt lat="39.996144" lon="-75.195554"><ele>16.4</ele><time>2026-09-20T13:00:47.000Z</time></trkpt>
<trkpt lat="39.996156" lon="-75.195527"><ele>16.4</ele><time>2026-09-20T13:00:48.000Z</time></trkpt>
<trkpt lat="39.996330" lon="-75.195379"><ele>16.6</ele><time>2026-09-20T13:00:55.000Z</time></trkpt>
<trkpt lat="39.996359" lon="-75.195357"><ele>16.6</ele><time>2026-09-20T13:00:56.000Z</time></trkpt>
<trkpt lat="39.996505" lon="-75.195213"><ele>16.4</ele><time>2026-09-20T13:01:02.000Z</time></trkpt>
<trkpt lat="39.996650" lon="-75.195070"><ele>16.2</ele><time>2026-09-20T13:01:09.000Z</time></trkpt>
<trkpt lat="39.996824" lon="-75.194939"><ele>15.8</ele><time>2026-09-20T13:01:16.000Z</time></trkpt>
<trkpt lat="39.996877" lon="-75.194902"><ele>15.8</ele><time>2026-09-20T13:01:18.000Z</time></trkpt>
<trkpt lat="39.996922" lon="-75.194863"><ele>15.8</ele><time>2026-09-20T13:01:20.000Z</time></trkpt>
<trkpt lat="39.997041" lon="-75.194731"><ele>15.4</ele><time>2026-09-20T13:01:25.000Z</time></trkpt>
<trkpt lat="39.997092" lon="-75.194682"><ele>15.4</ele><time>2026-09-20T13:01:27.000Z</time></trkpt>
<trkpt lat="39.997248" lon="-75.194549"><ele>15.2</ele><time>2026-09-20T13:01:33.000Z</time></trkpt>
<trkpt lat="39.997399" lon="-75.194422"><ele>15.0</ele><time>2026-09-20T13:01:39.000Z</time></trkpt>
<trkpt lat="39.997549" lon="-75.194285"><ele>14.8</ele><time>2026-09-20T13:01:45.000Z</time></trkpt>
<trkpt lat="39.997642" lon="-75.194193"><ele>14.4</ele><time>2026-09-20T13:01:49.000Z</time></trkpt>
<trkpt lat="39.997769" lon="-75.194067"><ele>14.4</ele><time>2026-09-20T13:01:55.000Z</time></trkpt>
<trkpt lat="39.997788" lon="-75.194044"><ele>14.4</ele><time>2026-09-20T13:01:56.000Z</time></trkpt>
<trkpt lat="39.997916" lon="-75.193933"><ele>14.2</ele><time>2026-09-20T13:02:02.000Z</time></trkpt>
<trkpt lat="39.998101" lon="-75.193816"><ele>14.0</ele><time>2026-09-20T13:02:09.000Z</time></trkpt>
<trkpt lat="39.998273" lon="-75.193720"><ele>14.0</ele><time>2026-09-20T13:02:16.000Z</time></trkpt>
<trkpt lat="39.998350" lon="-75.193707"><ele>14.0</ele><time>2026-09-20T13:02:19.000Z</time></trkpt>
<trkpt lat="39.998542" lon="-75.193661"><ele>14.2</ele><time>2026-09-20T13:02:26.000Z</time></trkpt>
<trkpt lat="39.998627" lon="-75.193624"><ele>14.2</ele><time>2026-09-20T13:02:29.000Z</time></trkpt>
<trkpt lat="39.998807" lon="-75.193552"><ele>14.4</ele><time>2026-09-20T13:02:36.000Z</time></trkpt>
<trkpt lat="39.998986" lon="-75.193464"><ele>14.6</ele><time>2026-09-20T13:02:43.000Z</time></trkpt>
<trkpt lat="39.999018" lon="-75.193461"><ele>14.6</ele><time>2026-09-20T13:02:44.000Z</time></trkpt>
<trkpt lat="39.999250" lon="-75.193456"><ele>14.8</ele><time>2026-09-20T13:02:52.000Z</time></trkpt>
<trkpt lat="39.999333" lon="-75.193421"><ele>14.8</ele><time>2026-09-20T13:02:55.000Z</time></trkpt>
<trkpt lat="39.999481" lon="-75.193341"><ele>14.8</ele><time>2026-09-20T13:03:02.000Z</time></trkpt>
<trkpt lat="39.999674" lon="-75.193282"><ele>14.6</ele><time>2026-09-20T13:03:09.000Z</time></trkpt>
<trkpt lat="39.999892" lon="-75.193196"><ele>14.6</ele><time>2026-09-20T13:03:16.000Z</time></trkpt>
<trkpt lat="40.000083" lon="-75.193136"><ele>14.6</ele><time>2026-09-20T13:03:23.000Z</time></trkpt>
<trkpt lat="40.000219" lon="-75.193072"><ele>14.6</ele><time>2026-09-20T13:03:28.000Z</time></trkpt>
<trkpt lat="40.000404" lon="-75.192961"><ele>14.4</ele><time>2026-09-20T13:03:34.000Z</time></trkpt>
<trkpt lat="40.000432" lon="-75.192943"><ele>14.4</ele><time>2026-09-20T13:03:35.000Z</time></trkpt>
<trkpt lat="40.000620" lon="-75.192889"><ele>14.2</ele><time>2026-09-20T13:03:41.000Z</time></trkpt>
<trkpt lat="40.000689" lon="-75.192882"><ele>14.2</ele><time>2026-09-20T13:03:44.000Z</time></trkpt>
<trkpt lat="40.000873" lon="-75.192854"><ele>14.2</ele><time>2026-09-20T13:03:52.000Z</time></trkpt>
<trkpt lat="40.000972" lon="-75.192810"><ele>14.2</ele><time>2026-09-20T13:03:56.000Z</time></trkpt>
<trkpt lat="40.001053" lon="-75.192781"><ele>14.2</ele><time>2026-09-20T13:03:59.000Z</time></trkpt>
<trkpt lat="40.001252" lon="-75.192716"><ele>14.0</ele><time>2026-09-20T13:04:05.000Z</time></trkpt>
<trkpt lat="40.001285" lon="-75.192703"><ele>13.8</ele><time>2026-09-20T13:04:06.000Z</time></trkpt>
<trkpt lat="40.001463" lon="-75.192638"><ele>13.8</ele><time>2026-09-20T13:04:12.000Z</time></trkpt>
<trkpt lat="40.001492" lon="-75.192634"><ele>13.8</ele><time>2026-09-20T13:04:13.000Z</time></trkpt>
<trkpt lat="40.001683" lon="-75.192616"><ele>14.0</ele><time>2026-09-20T13:04:20.000Z</time></trkpt>
<trkpt lat="40.001738" lon="-75.192613"><ele>14.0</ele><time>2026-09-20T13:04:22.000Z</time></trkpt>
<trkpt lat="40.001937" lon="-75.192599"><ele>14.4</ele><time>2026-09-20T13:04:30.000Z</time></trkpt>
<trkpt lat="40.001966" lon="-75.192594"><ele>14.4</ele><time>2026-09-20T13:04:31.000Z</time></trkpt>
<trkpt lat="40.002143" lon="-75.192600"><ele>14.4</ele><time>2026-09-20T13:04:39.000Z</time></trkpt>
<trkpt lat="40.002344" lon="-75.192625"><ele>14.4</ele><time>2026-09-20T13:04:47.000Z</time></trkpt>
<trkpt lat="40.002543" lon="-75.192664"><ele>14.6</ele><time>2026-09-20T13:04:54.000Z</time></trkpt>
<trkpt lat="40.002572" lon="-75.192656"><ele>14.6</ele><time>2026-09-20T13:04:55.000Z</time></trkpt>
<trkpt lat="40.002754" lon="-75.192631"><ele>14.8</ele><time>2026-09-20T13:05:02.000Z</time></trkpt>
<trkpt lat="40.002781" lon="-75.192633"><ele>14.8</ele><time>2026-09-20T13:05:03.000Z</time></trkpt>
<trkpt lat="40.002934" lon="-75.192683"><ele>15.0</ele><time>2026-09-20T13:05:10.000Z</time></trkpt>
<trkpt lat="40.003083" lon="-75.192672"><ele>15.0</ele><time>2026-09-20T13:05:15.000Z</time></trkpt>
<trkpt lat="40.003239" lon="-75.192654"><ele>15.0</ele><time>2026-09-20T13:05:21.000Z</time></trkpt>
<trkpt lat="40.003398" lon="-75.192645"><ele>15.0</ele><time>2026-09-20T13:05:26.000Z</time></trkpt>
<trkpt lat="40.003596" lon="-75.192693"><ele>15.2</ele><time>2026-09-20T13:05:33.000Z</time></trkpt>
<trkpt lat="40.003621" lon="-75.192697"><ele>15.2</ele><time>2026-09-20T13:05:34.000Z</time></trkpt>
<trkpt lat="40.003822" lon="-75.192678"><ele>15.0</ele><time>2026-09-20T13:05:41.000Z</time></trkpt>
<trkpt lat="40.003952" lon="-75.192705"><ele>15.0</ele><time>2026-09-20T13:05:46.000Z</time></trkpt>
<trkpt lat="40.004164" lon="-75.192775"><ele>14.6</ele><time>2026-09-20T13:05:54.000Z</time></trkpt>
<trkpt lat="40.004211" lon="-75.192776"><ele>14.6</ele><time>2026-09-20T13:05:56.000Z</time></trkpt>
<trkpt lat="40.004400" lon="-75.192777"><ele>14.2</ele><time>2026-09-20T13:06:02.000Z</time></trkpt>
<trkpt lat="40.004421" lon="-75.192784"><ele>14.2</ele><time>2026-09-20T13:06:04.000Z</time></trkpt>
<trkpt lat="40.004618" lon="-75.192846"><ele>14.2</ele><time>2026-09-20T13:06:11.000Z</time></trkpt>
<trkpt lat="40.004807" lon="-75.192918"><ele>14.2</ele><time>2026-09-20T13:06:18.000Z</time></trkpt>
<trkpt lat="40.004833" lon="-75.192920"><ele>14.2</ele><time>2026-09-20T13:06:19.000Z</time></trkpt>
<trkpt lat="40.004961" lon="-75.192954"><ele>14.4</ele><time>2026-09-20T13:06:25.000Z</time></trkpt>
<trkpt lat="40.005131" lon="-75.193037"><ele>14.6</ele><time>2026-09-20T13:06:31.000Z</time></trkpt>
<trkpt lat="40.005327" lon="-75.193096"><ele>14.8</ele><time>2026-09-20T13:06:37.000Z</time></trkpt>
<trkpt lat="40.005508" lon="-75.193173"><ele>15.2</ele><time>2026-09-20T13:06:44.000Z</time></trkpt>
<trkpt lat="40.005678" lon="-75.193283"><ele>15.4</ele><time>2026-09-20T13:06:51.000Z</time></trkpt>
<trkpt lat="40.005701" lon="-75.193307"><ele>15.4</ele><time>2026-09-20T13:06:52.000Z</time></trkpt>
<trkpt lat="40.005719" lon="-75.193332"><ele>15.4</ele><time>2026-09-20T13:06:53.000Z</time></trkpt>
<trkpt lat="40.005889" lon="-75.193391"><ele>15.8</ele><time>2026-09-20T13:07:00.000Z</time></trkpt>
<trkpt lat="40.006047" lon="-75.193483"><ele>15.8</ele><time>2026-09-20T13:07:06.000Z</time></trkpt>
<trkpt lat="40.006183" lon="-75.193559"><ele>15.8</ele><time>2026-09-20T13:07:12.000Z</time></trkpt>
<trkpt lat="40.006289" lon="-75.193612"><ele>16.0</ele><time>2026-09-20T13:07:18.000Z</time></trkpt>
<trkpt lat="40.006322" lon="-75.193656"><ele>15.8</ele><time>2026-09-20T13:07:22.000Z</time></trkpt>
<trkpt lat="40.006337" lon="-75.193676"><ele>15.6</ele><time>2026-09-20T13:07:24.000Z</time></trkpt>
<trkpt lat="40.006458" lon="-75.193808"><ele>15.6</ele><time>2026-09-20T13:07:29.000Z</time></trkpt>
<trkpt lat="40.006565" lon="-75.194002"><ele>15.4</ele><time>2026-09-20T13:07:35.000Z</time></trkpt>
<trkpt lat="40.006577" lon="-75.194040"><ele>15.4</ele><time>2026-09-20T13:07:36.000Z</time></trkpt>
<trkpt lat="40.006644" lon="-75.194271"><ele>15.6</ele><time>2026-09-20T13:07:43.000Z</time></trkpt>
<trkpt lat="40.006672" lon="-75.194344"><ele>15.6</ele><time>2026-09-20T13:07:45.000Z</time></trkpt>
<trkpt lat="40.006722" lon="-75.194581"><ele>15.8</ele><time>2026-09-20T13:07:51.000Z</time></trkpt>
<trkpt lat="40.006744" lon="-75.194666"><ele>15.8</ele><time>2026-09-20T13:07:53.000Z</time></trkpt>
<trkpt lat="40.006788" lon="-75.194837"><ele>16.0</ele><time>2026-09-20T13:07:59.000Z</time></trkpt>
<trkpt lat="40.006791" lon="-75.194895"><ele>16.0</ele><time>2026-09-20T13:08:01.000Z</time></trkpt>
<trkpt lat="40.006794" lon="-75.195020"><ele>16.0</ele><time>2026-09-20T13:08:05.000Z</time></trkpt>
<trkpt lat="40.006827" lon="-75.195124"><ele>16.0</ele><time>2026-09-20T13:08:08.000Z</time></trkpt>
<trkpt lat="40.006891" lon="-75.195342"><ele>16.0</ele><time>2026-09-20T13:08:14.000Z</time></trkpt>
<trkpt lat="40.006910" lon="-75.195412"><ele>16.0</ele><time>2026-09-20T13:08:16.000Z</time></trkpt>
<trkpt lat="40.006974" lon="-75.195649"><ele>15.8</ele><time>2026-09-20T13:08:22.000Z</time></trkpt>
<trkpt lat="40.006988" lon="-75.195735"><ele>15.8</ele><time>2026-09-20T13:08:24.000Z</time></trkpt>
<trkpt lat="40.007045" lon="-75.195861"><ele>16.0</ele><time>2026-09-20T13:08:28.000Z</time></trkpt>
<trkpt lat="40.007071" lon="-75.196100"><ele>16.0</ele><time>2026-09-20T13:08:35.000Z</time></trkpt>
<trkpt lat="40.007072" lon="-75.196132"><ele>15.8</ele><time>2026-09-20T13:08:36.000Z</time></trkpt>
<trkpt lat="40.007079" lon="-75.196161"><ele>16.0</ele><time>2026-09-20T13:08:37.000Z</time></trkpt>
<trkpt lat="40.007108" lon="-75.196277"><ele>16.2</ele><time>2026-09-20T13:08:41.000Z</time></trkpt>
<trkpt lat="40.007168" lon="-75.196443"><ele>16.4</ele><time>2026-09-20T13:08:46.000Z</time></trkpt>
<trkpt lat="40.007178" lon="-75.196508"><ele>16.6</ele><time>2026-09-20T13:08:48.000Z</time></trkpt>
<trkpt lat="40.007218" lon="-75.196720"><ele>17.4</ele><time>2026-09-20T13:08:55.000Z</time></trkpt>
<trkpt lat="40.007229" lon="-75.196754"><ele>17.6</ele><time>2026-09-20T13:08:56.000Z</time></trkpt>
<trkpt lat="40.007255" lon="-75.196981"><ele>18.2</ele><time>2026-09-20T13:09:03.000Z</time></trkpt>
<trkpt lat="40.007258" lon="-75.197048"><ele>18.6</ele><time>2026-09-20T13:09:05.000Z</time></trkpt>
<trkpt lat="40.007265" lon="-75.197114"><ele>18.8</ele><time>2026-09-20T13:09:07.000Z</time></trkpt>
<trkpt lat="40.007283" lon="-75.197198"><ele>19.2</ele><time>2026-09-20T13:09:10.000Z</time></trkpt>
<trkpt lat="40.007294" lon="-75.197290"><ele>19.6</ele><time>2026-09-20T13:09:13.000Z</time></trkpt>
<trkpt lat="40.007333" lon="-75.197402"><ele>20.2</ele><time>2026-09-20T13:09:17.000Z</time></trkpt>
<trkpt lat="40.007379" lon="-75.197583"><ele>20.6</ele><time>2026-09-20T13:09:23.000Z</time></trkpt>
<trkpt lat="40.007381" lon="-75.197616"><ele>20.6</ele><time>2026-09-20T13:09:24.000Z</time></trkpt>
<trkpt lat="40.007457" lon="-75.197817"><ele>21.6</ele><time>2026-09-20T13:09:31.000Z</time></trkpt>
<trkpt lat="40.007477" lon="-75.197843"><ele>21.8</ele><time>2026-09-20T13:09:32.000Z</time></trkpt>
<trkpt lat="40.007603" lon="-75.197891"><ele>22.4</ele><time>2026-09-20T13:09:37.000Z</time></trkpt>
<trkpt lat="40.007630" lon="-75.197883"><ele>22.4</ele><time>2026-09-20T13:09:38.000Z</time></trkpt>
<trkpt lat="40.007720" lon="-75.197873"><ele>22.6</ele><time>2026-09-20T13:09:42.000Z</time></trkpt>
<trkpt lat="40.007894" lon="-75.197809"><ele>22.4</ele><time>2026-09-20T13:09:49.000Z</time></trkpt>
<trkpt lat="40.007947" lon="-75.197788"><ele>22.4</ele><time>2026-09-20T13:09:51.000Z</time></trkpt>
<trkpt lat="40.008102" lon="-75.197692"><ele>22.4</ele><time>2026-09-20T13:09:58.000Z</time></trkpt>
<trkpt lat="40.008244" lon="-75.197577"><ele>22.0</ele><time>2026-09-20T13:10:05.000Z</time></trkpt>
<trkpt lat="40.008429" lon="-75.197450"><ele>21.4</ele><time>2026-09-20T13:10:12.000Z</time></trkpt>
<trkpt lat="40.008526" lon="-75.197401"><ele>21.4</ele><time>2026-09-20T13:10:15.000Z</time></trkpt>
<trkpt lat="40.008617" lon="-75.197330"><ele>21.0</ele><time>2026-09-20T13:10:19.000Z</time></trkpt>
<trkpt lat="40.008747" lon="-75.197243"><ele>20.6</ele><time>2026-09-20T13:10:25.000Z</time></trkpt>
<trkpt lat="40.008777" lon="-75.197225"><ele>20.6</ele><time>2026-09-20T13:10:26.000Z</time></trkpt>
<trkpt lat="40.008971" lon="-75.197139"><ele>20.4</ele><time>2026-09-20T13:10:33.000Z</time></trkpt>
<trkpt lat="40.009086" lon="-75.196945"><ele>20.0</ele><time>2026-09-20T13:10:38.000Z</time></trkpt>
<trkpt lat="40.009086" lon="-75.196756"><ele>19.6</ele><time>2026-09-20T13:10:42.000Z</time></trkpt>
<trkpt lat="40.009076" lon="-75.196713"><ele>19.4</ele><time>2026-09-20T13:10:43.000Z</time></trkpt>
<trkpt lat="40.009014" lon="-75.196491"><ele>18.6</ele><time>2026-09-20T13:10:49.000Z</time></trkpt>
<trkpt lat="40.009000" lon="-75.196459"><ele>18.4</ele><time>2026-09-20T13:10:50.000Z</time></trkpt>
<trkpt lat="40.008977" lon="-75.196392"><ele>18.2</ele><time>2026-09-20T13:10:52.000Z</time></trkpt>
<trkpt lat="40.008905" lon="-75.196195"><ele>17.4</ele><time>2026-09-20T13:10:58.000Z</time></trkpt>
<trkpt lat="40.008853" lon="-75.196089"><ele>16.8</ele><time>2026-09-20T13:11:01.000Z</time></trkpt>
<trkpt lat="40.008782" lon="-75.195873"><ele>16.2</ele><time>2026-09-20T13:11:07.000Z</time></trkpt>
<trkpt lat="40.008730" lon="-75.195666"><ele>15.6</ele><time>2026-09-20T13:11:13.000Z</time></trkpt>
<trkpt lat="40.008699" lon="-75.195597"><ele>15.2</ele><time>2026-09-20T13:11:15.000Z</time></trkpt>
<trkpt lat="40.008659" lon="-75.195434"><ele>14.8</ele><time>2026-09-20T13:11:19.000Z</time></trkpt>
<trkpt lat="40.008618" lon="-75.195327"><ele>14.8</ele><time>2026-09-20T13:11:22.000Z</time></trkpt>
<trkpt lat="40.008549" lon="-75.195111"><ele>14.4</ele><time>2026-09-20T13:11:28.000Z</time></trkpt>
<trkpt lat="40.008489" lon="-75.194941"><ele>14.4</ele><time>2026-09-20T13:11:33.000Z</time></trkpt>
<trkpt lat="40.008402" lon="-75.194705"><ele>14.4</ele><time>2026-09-20T13:11:40.000Z</time></trkpt>
<trkpt lat="40.008356" lon="-75.194601"><ele>14.4</ele><time>2026-09-20T13:11:43.000Z</time></trkpt>
<trkpt lat="40.008314" lon="-75.194500"><ele>14.2</ele><time>2026-09-20T13:11:46.000Z</time></trkpt>
<trkpt lat="40.008252" lon="-75.194373"><ele>14.2</ele><time>2026-09-20T13:11:50.000Z</time></trkpt>
<trkpt lat="40.008177" lon="-75.194146"><ele>14.0</ele><time>2026-09-20T13:11:57.000Z</time></trkpt>
<trkpt lat="40.008151" lon="-75.194079"><ele>14.0</ele><time>2026-09-20T13:11:59.000Z</time></trkpt>
<trkpt lat="40.008055" lon="-75.193845"><ele>13.6</ele><time>2026-09-20T13:12:06.000Z</time></trkpt>
<trkpt lat="40.008039" lon="-75.193810"><ele>13.6</ele><time>2026-09-20T13:12:07.000Z</time></trkpt>
<trkpt lat="40.007947" lon="-75.193581"><ele>13.4</ele><time>2026-09-20T13:12:14.000Z</time></trkpt>
<trkpt lat="40.007934" lon="-75.193549"><ele>13.4</ele><time>2026-09-20T13:12:15.000Z</time></trkpt>
<trkpt lat="40.007856" lon="-75.193349"><ele>13.4</ele><time>2026-09-20T13:12:21.000Z</time></trkpt>
<trkpt lat="40.007776" lon="-75.193190"><ele>13.2</ele><time>2026-09-20T13:12:26.000Z</time></trkpt>
<trkpt lat="40.007756" lon="-75.193158"><ele>13.2</ele><time>2026-09-20T13:12:27.000Z</time></trkpt>
<trkpt lat="40.007673" lon="-75.192930"><ele>12.8</ele><time>2026-09-20T13:12:33.000Z</time></trkpt>
<trkpt lat="40.007614" lon="-75.192816"><ele>13.0</ele><time>2026-09-20T13:12:38.000Z</time></trkpt>
<trkpt lat="40.007559" lon="-75.192749"><ele>13.0</ele><time>2026-09-20T13:12:40.000Z</time></trkpt>
<trkpt lat="40.007446" lon="-75.192551"><ele>13.0</ele><time>2026-09-20T13:12:47.000Z</time></trkpt>
<trkpt lat="40.007434" lon="-75.192535"><ele>13.0</ele><time>2026-09-20T13:12:48.000Z</time></trkpt>
<trkpt lat="40.007356" lon="-75.192379"><ele>13.0</ele><time>2026-09-20T13:12:54.000Z</time></trkpt>
<trkpt lat="40.007217" lon="-75.192191"><ele>13.0</ele><time>2026-09-20T13:13:01.000Z</time></trkpt>
<trkpt lat="40.007087" lon="-75.192011"><ele>12.8</ele><time>2026-09-20T13:13:08.000Z</time></trkpt>
<trkpt lat="40.007068" lon="-75.191982"><ele>12.8</ele><time>2026-09-20T13:13:10.000Z</time></trkpt>
<trkpt lat="40.006906" lon="-75.191816"><ele>12.8</ele><time>2026-09-20T13:13:15.000Z</time></trkpt>
<trkpt lat="40.006792" lon="-75.191690"><ele>13.0</ele><time>2026-09-20T13:13:20.000Z</time></trkpt>
<trkpt lat="40.006620" lon="-75.191557"><ele>13.0</ele><time>2026-09-20T13:13:27.000Z</time></trkpt>
<trkpt lat="40.006464" lon="-75.191448"><ele>13.2</ele><time>2026-09-20T13:13:34.000Z</time></trkpt>
<trkpt lat="40.006286" lon="-75.191337"><ele>13.0</ele><time>2026-09-20T13:13:40.000Z</time></trkpt>
<trkpt lat="40.006237" lon="-75.191296"><ele>13.0</ele><time>2026-09-20T13:13:42.000Z</time></trkpt>
<trkpt lat="40.006068" lon="-75.191156"><ele>13.0</ele><time>2026-09-20T13:13:48.000Z</time></trkpt>
<trkpt lat="40.006018" lon="-75.191133"><ele>13.0</ele><time>2026-09-20T13:13:50.000Z</time></trkpt>
<trkpt lat="40.005840" lon="-75.191036"><ele>13.4</ele><time>2026-09-20T13:13:57.000Z</time></trkpt>
<trkpt lat="40.005786" lon="-75.191015"><ele>13.4</ele><time>2026-09-20T13:13:59.000Z</time></trkpt>
<trkpt lat="40.005601" lon="-75.190931"><ele>13.4</ele><time>2026-09-20T13:14:06.000Z</time></trkpt>
<trkpt lat="40.005547" lon="-75.190910"><ele>13.4</ele><time>2026-09-20T13:14:08.000Z</time></trkpt>
<trkpt lat="40.005365" lon="-75.190830"><ele>13.8</ele><time>2026-09-20T13:14:15.000Z</time></trkpt>
<trkpt lat="40.005187" lon="-75.190757"><ele>14.0</ele><time>2026-09-20T13:14:22.000Z</time></trkpt>
<trkpt lat="40.005108" lon="-75.190709"><ele>14.2</ele><time>2026-09-20T13:14:25.000Z</time></trkpt>
<trkpt lat="40.005057" lon="-75.190681"><ele>14.2</ele><time>2026-09-20T13:14:27.000Z</time></trkpt>
<trkpt lat="40.004898" lon="-75.190618"><ele>14.4</ele><time>2026-09-20T13:14:33.000Z</time></trkpt>
<trkpt lat="40.004711" lon="-75.190588"><ele>14.4</ele><time>2026-09-20T13:14:40.000Z</time></trkpt>
<trkpt lat="40.004687" lon="-75.190586"><ele>14.6</ele><time>2026-09-20T13:14:41.000Z</time></trkpt>
<trkpt lat="40.004495" lon="-75.190575"><ele>14.8</ele><time>2026-09-20T13:14:48.000Z</time></trkpt>
<trkpt lat="40.004383" lon="-75.190566"><ele>14.8</ele><time>2026-09-20T13:14:52.000Z</time></trkpt>
<trkpt lat="40.004194" lon="-75.190575"><ele>15.0</ele><time>2026-09-20T13:14:59.000Z</time></trkpt>
<trkpt lat="40.004168" lon="-75.190571"><ele>15.2</ele><time>2026-09-20T13:15:00.000Z</time></trkpt>
<trkpt lat="40.003979" lon="-75.190557"><ele>15.6</ele><time>2026-09-20T13:15:07.000Z</time></trkpt>
<trkpt lat="40.003904" lon="-75.190544"><ele>15.6</ele><time>2026-09-20T13:15:10.000Z</time></trkpt>
<trkpt lat="40.003729" lon="-75.190461"><ele>15.2</ele><time>2026-09-20T13:15:17.000Z</time></trkpt>
<trkpt lat="40.003625" lon="-75.190409"><ele>14.8</ele><time>2026-09-20T13:15:21.000Z</time></trkpt>
<trkpt lat="40.003428" lon="-75.190371"><ele>14.8</ele><time>2026-09-20T13:15:28.000Z</time></trkpt>
<trkpt lat="40.003399" lon="-75.190370"><ele>14.8</ele><time>2026-09-20T13:15:29.000Z</time></trkpt>
<trkpt lat="40.003235" lon="-75.190348"><ele>14.6</ele><time>2026-09-20T13:15:35.000Z</time></trkpt>
<trkpt lat="40.003180" lon="-75.190336"><ele>14.6</ele><time>2026-09-20T13:15:37.000Z</time></trkpt>
<trkpt lat="40.002986" lon="-75.190327"><ele>14.8</ele><time>2026-09-20T13:15:44.000Z</time></trkpt>
<trkpt lat="40.002956" lon="-75.190322"><ele>14.8</ele><time>2026-09-20T13:15:45.000Z</time></trkpt>
<trkpt lat="40.002769" lon="-75.190289"><ele>14.8</ele><time>2026-09-20T13:15:52.000Z</time></trkpt>
<trkpt lat="40.002741" lon="-75.190284"><ele>14.8</ele><time>2026-09-20T13:15:53.000Z</time></trkpt>
<trkpt lat="40.002545" lon="-75.190253"><ele>14.8</ele><time>2026-09-20T13:16:00.000Z</time></trkpt>
<trkpt lat="40.002434" lon="-75.190250"><ele>14.8</ele><time>2026-09-20T13:16:04.000Z</time></trkpt>
<trkpt lat="40.002247" lon="-75.190236"><ele>14.8</ele><time>2026-09-20T13:16:11.000Z</time></trkpt>
<trkpt lat="40.002218" lon="-75.190235"><ele>14.8</ele><time>2026-09-20T13:16:12.000Z</time></trkpt>
<trkpt lat="40.002030" lon="-75.190205"><ele>15.2</ele><time>2026-09-20T13:16:19.000Z</time></trkpt>
<trkpt lat="40.001978" lon="-75.190207"><ele>15.2</ele><time>2026-09-20T13:16:21.000Z</time></trkpt>
<trkpt lat="40.001777" lon="-75.190250"><ele>15.2</ele><time>2026-09-20T13:16:28.000Z</time></trkpt>
<trkpt lat="40.001726" lon="-75.190266"><ele>15.2</ele><time>2026-09-20T13:16:30.000Z</time></trkpt>
<trkpt lat="40.001523" lon="-75.190322"><ele>15.2</ele><time>2026-09-20T13:16:38.000Z</time></trkpt>
<trkpt lat="40.001331" lon="-75.190382"><ele>15.2</ele><time>2026-09-20T13:16:45.000Z</time></trkpt>
<trkpt lat="40.001304" lon="-75.190395"><ele>15.2</ele><time>2026-09-20T13:16:46.000Z</time></trkpt>
<trkpt lat="40.001117" lon="-75.190475"><ele>15.2</ele><time>2026-09-20T13:16:53.000Z</time></trkpt>
<trkpt lat="40.001005" lon="-75.190511"><ele>15.4</ele><time>2026-09-20T13:16:57.000Z</time></trkpt>
<trkpt lat="40.000846" lon="-75.190554"><ele>15.4</ele><time>2026-09-20T13:17:03.000Z</time></trkpt>
<trkpt lat="40.000647" lon="-75.190581"><ele>15.4</ele><time>2026-09-20T13:17:10.000Z</time></trkpt>
<trkpt lat="40.000483" lon="-75.190574"><ele>15.4</ele><time>2026-09-20T13:17:16.000Z</time></trkpt>
<trkpt lat="40.000274" lon="-75.190570"><ele>15.4</ele><time>2026-09-20T13:17:24.000Z</time></trkpt>
<trkpt lat="40.000246" lon="-75.190567"><ele>15.4</ele><time>2026-09-20T13:17:25.000Z</time></trkpt>
<trkpt lat="40.000050" lon="-75.190552"><ele>15.4</ele><time>2026-09-20T13:17:32.000Z</time></trkpt>
<trkpt lat="40.000027" lon="-75.190548"><ele>15.4</ele><time>2026-09-20T13:17:33.000Z</time></trkpt>
<trkpt lat="39.999840" lon="-75.190528"><ele>15.2</ele><time>2026-09-20T13:17:40.000Z</time></trkpt>
<trkpt lat="39.999776" lon="-75.190536"><ele>15.2</ele><time>2026-09-20T13:17:42.000Z</time></trkpt>
<trkpt lat="39.999593" lon="-75.190500"><ele>15.4</ele><time>2026-09-20T13:17:48.000Z</time></trkpt>
<trkpt lat="39.999544" lon="-75.190500"><ele>15.4</ele><time>2026-09-20T13:17:50.000Z</time></trkpt>
<trkpt lat="39.999340" lon="-75.190534"><ele>15.6</ele><time>2026-09-20T13:17:57.000Z</time></trkpt>
<trkpt lat="39.999316" lon="-75.190553"><ele>15.6</ele><time>2026-09-20T13:17:58.000Z</time></trkpt>
<trkpt lat="39.999126" lon="-75.190584"><ele>15.6</ele><time>2026-09-20T13:18:05.000Z</time></trkpt>
<trkpt lat="39.998924" lon="-75.190623"><ele>15.6</ele><time>2026-09-20T13:18:13.000Z</time></trkpt>
<trkpt lat="39.998848" lon="-75.190646"><ele>15.6</ele><time>2026-09-20T13:18:16.000Z</time></trkpt>
<trkpt lat="39.998657" lon="-75.190689"><ele>16.0</ele><time>2026-09-20T13:18:23.000Z</time></trkpt>
<trkpt lat="39.998631" lon="-75.190692"><ele>16.0</ele><time>2026-09-20T13:18:24.000Z</time></trkpt>
<trkpt lat="39.998551" lon="-75.190707"><ele>16.2</ele><time>2026-09-20T13:18:27.000Z</time></trkpt>
<trkpt lat="39.998367" lon="-75.190752"><ele>16.6</ele><time>2026-09-20T13:18:34.000Z</time></trkpt>
<trkpt lat="39.998174" lon="-75.190801"><ele>17.0</ele><time>2026-09-20T13:18:41.000Z</time></trkpt>
<trkpt lat="39.998119" lon="-75.190814"><ele>17.0</ele><time>2026-09-20T13:18:43.000Z</time></trkpt>
<trkpt lat="39.997976" lon="-75.190818"><ele>17.2</ele><time>2026-09-20T13:18:48.000Z</time></trkpt>
<trkpt lat="39.997871" lon="-75.190814"><ele>17.0</ele><time>2026-09-20T13:18:52.000Z</time></trkpt>
<trkpt lat="39.997666" lon="-75.190815"><ele>17.0</ele><time>2026-09-20T13:18:59.000Z</time></trkpt>
<trkpt lat="39.997605" lon="-75.190824"><ele>17.0</ele><time>2026-09-20T13:19:01.000Z</time></trkpt>
<trkpt lat="39.997415" lon="-75.190834"><ele>17.0</ele><time>2026-09-20T13:19:08.000Z</time></trkpt>
<trkpt lat="39.997332" lon="-75.190855"><ele>17.0</ele><time>2026-09-20T13:19:11.000Z</time></trkpt>
<trkpt lat="39.997142" lon="-75.190900"><ele>17.0</ele><time>2026-09-20T13:19:18.000Z</time></trkpt>
<trkpt lat="39.997115" lon="-75.190908"><ele>17.0</ele><time>2026-09-20T13:19:19.000Z</time></trkpt>
<trkpt lat="39.996923" lon="-75.190999"><ele>17.2</ele><time>2026-09-20T13:19:26.000Z</time></trkpt>
<trkpt lat="39.996880" lon="-75.191014"><ele>17.2</ele><time>2026-09-20T13:19:28.000Z</time></trkpt>
<trkpt lat="39.996697" lon="-75.191062"><ele>17.0</ele><time>2026-09-20T13:19:35.000Z</time></trkpt>
<trkpt lat="39.996674" lon="-75.191066"><ele>17.0</ele><time>2026-09-20T13:19:36.000Z</time></trkpt>
<trkpt lat="39.996500" lon="-75.191113"><ele>17.2</ele><time>2026-09-20T13:19:43.000Z</time></trkpt>
<trkpt lat="39.996351" lon="-75.191154"><ele>17.4</ele><time>2026-09-20T13:19:48.000Z</time></trkpt>
<trkpt lat="39.996176" lon="-75.191271"><ele>17.6</ele><time>2026-09-20T13:19:55.000Z</time></trkpt>
<trkpt lat="39.996152" lon="-75.191295"><ele>17.6</ele><time>2026-09-20T13:19:56.000Z</time></trkpt>
<trkpt lat="39.995953" lon="-75.191390"><ele>18.0</ele><time>2026-09-20T13:20:03.000Z</time></trkpt>
<trkpt lat="39.995923" lon="-75.191396"><ele>18.0</ele><time>2026-09-20T13:20:04.000Z</time></trkpt>
<trkpt lat="39.995776" lon="-75.191440"><ele>18.4</ele><time>2026-09-20T13:20:08.000Z</time></trkpt>
<trkpt lat="39.995689" lon="-75.191467"><ele>18.4</ele><time>2026-09-20T13:20:11.000Z</time></trkpt>
<trkpt lat="39.995524" lon="-75.191581"><ele>18.6</ele><time>2026-09-20T13:20:18.000Z</time></trkpt>
<trkpt lat="39.995479" lon="-75.191625"><ele>18.6</ele><time>2026-09-20T13:20:20.000Z</time></trkpt>
<trkpt lat="39.995315" lon="-75.191772"><ele>18.8</ele><time>2026-09-20T13:20:27.000Z</time></trkpt>
<trkpt lat="39.995196" lon="-75.191869"><ele>18.8</ele><time>2026-09-20T13:20:32.000Z</time></trkpt>
<trkpt lat="39.995020" lon="-75.191971"><ele>18.6</ele><time>2026-09-20T13:20:39.000Z</time></trkpt>
<trkpt lat="39.994971" lon="-75.192003"><ele>18.4</ele><time>2026-09-20T13:20:41.000Z</time></trkpt>
<trkpt lat="39.994794" lon="-75.192116"><ele>18.2</ele><time>2026-09-20T13:20:48.000Z</time></trkpt>
<trkpt lat="39.994770" lon="-75.192127"><ele>18.2</ele><time>2026-09-20T13:20:49.000Z</time></trkpt>
<trkpt lat="39.994594" lon="-75.192209"><ele>17.8</ele><time>2026-09-20T13:20:56.000Z</time></trkpt>
<trkpt lat="39.994566" lon="-75.192216"><ele>17.8</ele><time>2026-09-20T13:20:57.000Z</time></trkpt>
<trkpt lat="39.994393" lon="-75.192338"><ele>17.4</ele><time>2026-09-20T13:21:04.000Z</time></trkpt>
<trkpt lat="39.994368" lon="-75.192351"><ele>17.4</ele><time>2026-09-20T13:21:05.000Z</time></trkpt>
<trkpt lat="39.994176" lon="-75.192409"><ele>17.2</ele><time>2026-09-20T13:21:12.000Z</time></trkpt>
<trkpt lat="39.993987" lon="-75.192511"><ele>17.0</ele><time>2026-09-20T13:21:19.000Z</time></trkpt>
<trkpt lat="39.993962" lon="-75.192520"><ele>17.0</ele><time>2026-09-20T13:21:20.000Z</time></trkpt>
<trkpt lat="39.993811" lon="-75.192587"><ele>17.0</ele><time>2026-09-20T13:21:26.000Z</time></trkpt>
<trkpt lat="39.993640" lon="-75.192695"><ele>17.2</ele><time>2026-09-20T13:21:33.000Z</time></trkpt>
<trkpt lat="39.993575" lon="-75.192750"><ele>17.2</ele><time>2026-09-20T13:21:36.000Z</time></trkpt>
<trkpt lat="39.993553" lon="-75.192770"><ele>17.2</ele><time>2026-09-20T13:21:37.000Z</time></trkpt>
<trkpt lat="39.993404" lon="-75.192906"><ele>17.2</ele><time>2026-09-20T13:21:44.000Z</time></trkpt>
<trkpt lat="39.993316" lon="-75.192990"><ele>17.0</ele><time>2026-09-20T13:21:48.000Z</time></trkpt>
<trkpt lat="39.993172" lon="-75.193154"><ele>17.0</ele><time>2026-09-20T13:21:55.000Z</time></trkpt>
<trkpt lat="39.992999" lon="-75.193298"><ele>17.0</ele><time>2026-09-20T13:22:03.000Z</time></trkpt>
<trkpt lat="39.992979" lon="-75.193319"><ele>17.0</ele><time>2026-09-20T13:22:04.000Z</time></trkpt>
<trkpt lat="39.992861" lon="-75.193518"><ele>17.0</ele><time>2026-09-20T13:22:11.000Z</time></trkpt>
<trkpt lat="39.992797" lon="-75.193593"><ele>17.0</ele><time>2026-09-20T13:22:14.000Z</time></trkpt>
<trkpt lat="39.992676" lon="-75.193770"><ele>17.2</ele><time>2026-09-20T13:22:20.000Z</time></trkpt>
<trkpt lat="39.992648" lon="-75.193791"><ele>17.4</ele><time>2026-09-20T13:22:21.000Z</time></trkpt>
<trkpt lat="39.992571" lon="-75.193894"><ele>17.6</ele><time>2026-09-20T13:22:25.000Z</time></trkpt>
<trkpt lat="39.992483" lon="-75.194102"><ele>17.6</ele><time>2026-09-20T13:22:32.000Z</time></trkpt>
<trkpt lat="39.992349" lon="-75.194277"><ele>17.8</ele><time>2026-09-20T13:22:39.000Z</time></trkpt>
<trkpt lat="39.992309" lon="-75.194354"><ele>17.8</ele><time>2026-09-20T13:22:42.000Z</time></trkpt>
<trkpt lat="39.992204" lon="-75.194552"><ele>17.8</ele><time>2026-09-20T13:22:48.000Z</time></trkpt>
<trkpt lat="39.992155" lon="-75.194631"><ele>17.8</ele><time>2026-09-20T13:22:51.000Z</time></trkpt>
<trkpt lat="39.992037" lon="-75.194847"><ele>18.0</ele><time>2026-09-20T13:22:59.000Z</time></trkpt>
<trkpt lat="39.991944" lon="-75.195052"><ele>18.0</ele><time>2026-09-20T13:23:05.000Z</time></trkpt>
<trkpt lat="39.991929" lon="-75.195083"><ele>18.0</ele><time>2026-09-20T13:23:06.000Z</time></trkpt>
<trkpt lat="39.991825" lon="-75.195313"><ele>18.0</ele><time>2026-09-20T13:23:13.000Z</time></trkpt>
<trkpt lat="39.991753" lon="-75.195440"><ele>18.0</ele><time>2026-09-20T13:23:17.000Z</time></trkpt>
<trkpt lat="39.991631" lon="-75.195631"><ele>18.2</ele><time>2026-09-20T13:23:24.000Z</time></trkpt>
<trkpt lat="39.991621" lon="-75.195665"><ele>18.2</ele><time>2026-09-20T13:23:25.000Z</time></trkpt>
<trkpt lat="39.991511" lon="-75.195865"><ele>18.0</ele><time>2026-09-20T13:23:32.000Z</time></trkpt>
<trkpt lat="39.991484" lon="-75.195884"><ele>18.0</ele><time>2026-09-20T13:23:33.000Z</time></trkpt>
<trkpt lat="39.991314" lon="-75.196045"><ele>18.2</ele><time>2026-09-20T13:23:40.000Z</time></trkpt>
<trkpt lat="39.991268" lon="-75.196101"><ele>18.4</ele><time>2026-09-20T13:23:42.000Z</time></trkpt>
<trkpt lat="39.991146" lon="-75.196170"><ele>18.4</ele><time>2026-09-20T13:23:46.000Z</time></trkpt>
<trkpt lat="39.990973" lon="-75.196302"><ele>18.2</ele><time>2026-09-20T13:23:53.000Z</time></trkpt>
<trkpt lat="39.990950" lon="-75.196321"><ele>18.2</ele><time>2026-09-20T13:23:54.000Z</time></trkpt>
<trkpt lat="39.990772" lon="-75.196428"><ele>18.2</ele><time>2026-09-20T13:24:02.000Z</time></trkpt>
<trkpt lat="39.990724" lon="-75.196452"><ele>18.0</ele><time>2026-09-20T13:24:04.000Z</time></trkpt>
<trkpt lat="39.990552" lon="-75.196557"><ele>18.0</ele><time>2026-09-20T13:24:11.000Z</time></trkpt>
<trkpt lat="39.990478" lon="-75.196620"><ele>17.8</ele><time>2026-09-20T13:24:14.000Z</time></trkpt>
<trkpt lat="39.990301" lon="-75.196748"><ele>18.0</ele><time>2026-09-20T13:24:21.000Z</time></trkpt>
<trkpt lat="39.990227" lon="-75.196788"><ele>18.0</ele><time>2026-09-20T13:24:24.000Z</time></trkpt>
<trkpt lat="39.990079" lon="-75.196941"><ele>18.0</ele><time>2026-09-20T13:24:31.000Z</time></trkpt>
<trkpt lat="39.990058" lon="-75.196960"><ele>18.0</ele><time>2026-09-20T13:24:32.000Z</time></trkpt>
<trkpt lat="39.989909" lon="-75.197118"><ele>18.0</ele><time>2026-09-20T13:24:39.000Z</time></trkpt>
<trkpt lat="39.989755" lon="-75.197285"><ele>17.8</ele><time>2026-09-20T13:24:46.000Z</time></trkpt>
<trkpt lat="39.989733" lon="-75.197303"><ele>17.8</ele><time>2026-09-20T13:24:47.000Z</time></trkpt>
<trkpt lat="39.989584" lon="-75.197440"><ele>18.0</ele><time>2026-09-20T13:24:54.000Z</time></trkpt>
<trkpt lat="39.989522" lon="-75.197499"><ele>18.0</ele><time>2026-09-20T13:24:57.000Z</time></trkpt>
<trkpt lat="39.989357" lon="-75.197648"><ele>18.0</ele><time>2026-09-20T13:25:04.000Z</time></trkpt>
<trkpt lat="39.989317" lon="-75.197707"><ele>18.0</ele><time>2026-09-20T13:25:06.000Z</time></trkpt>
<trkpt lat="39.989169" lon="-75.197845"><ele>18.0</ele><time>2026-09-20T13:25:13.000Z</time></trkpt>
<trkpt lat="39.989129" lon="-75.197905"><ele>18.0</ele><time>2026-09-20T13:25:15.000Z</time></trkpt>
<trkpt lat="39.988992" lon="-75.198093"><ele>18.0</ele><time>2026-09-20T13:25:22.000Z</time></trkpt>
<trkpt lat="39.988941" lon="-75.198182"><ele>18.0</ele><time>2026-09-20T13:25:25.000Z</time></trkpt>
<trkpt lat="39.988786" lon="-75.198354"><ele>18.0</ele><time>2026-09-20T13:25:32.000Z</time></trkpt>
<trkpt lat="39.988754" lon="-75.198386"><ele>18.0</ele><time>2026-09-20T13:25:34.000Z</time></trkpt>
<trkpt lat="39.988597" lon="-75.198548"><ele>18.0</ele><time>2026-09-20T13:25:41.000Z</time></trkpt>
<trkpt lat="39.988446" lon="-75.198740"><ele>18.0</ele><time>2026-09-20T13:25:48.000Z</time></trkpt>
<trkpt lat="39.988399" lon="-75.198798"><ele>18.0</ele><time>2026-09-20T13:25:50.000Z</time></trkpt>
<trkpt lat="39.988254" lon="-75.198959"><ele>18.0</ele><time>2026-09-20T13:25:56.000Z</time></trkpt>
<trkpt lat="39.988107" lon="-75.199122"><ele>18.0</ele><time>2026-09-20T13:26:02.000Z</time></trkpt>
<trkpt lat="39.988086" lon="-75.199139"><ele>18.0</ele><time>2026-09-20T13:26:03.000Z</time></trkpt>
<trkpt lat="39.987904" lon="-75.199276"><ele>18.2</ele><time>2026-09-20T13:26:10.000Z</time></trkpt>
<trkpt lat="39.987762" lon="-75.199417"><ele>18.0</ele><time>2026-09-20T13:26:17.000Z</time></trkpt>
<trkpt lat="39.987732" lon="-75.199437"><ele>18.0</ele><time>2026-09-20T13:26:18.000Z</time></trkpt>
<trkpt lat="39.987562" lon="-75.199535"><ele>17.8</ele><time>2026-09-20T13:26:24.000Z</time></trkpt>
<trkpt lat="39.987496" lon="-75.199589"><ele>17.8</ele><time>2026-09-20T13:26:27.000Z</time></trkpt>
<trkpt lat="39.987340" lon="-75.199758"><ele>18.2</ele><time>2026-09-20T13:26:35.000Z</time></trkpt>
<trkpt lat="39.987189" lon="-75.199899"><ele>18.2</ele><time>2026-09-20T13:26:42.000Z</time></trkpt>
<trkpt lat="39.987098" lon="-75.199973"><ele>18.2</ele><time>2026-09-20T13:26:46.000Z</time></trkpt>
<trkpt lat="39.986961" lon="-75.200120"><ele>18.2</ele><time>2026-09-20T13:26:53.000Z</time></trkpt>
<trkpt lat="39.986818" lon="-75.200285"><ele>18.4</ele><time>2026-09-20T13:27:00.000Z</time></trkpt>
<trkpt lat="39.986797" lon="-75.200319"><ele>18.4</ele><time>2026-09-20T13:27:01.000Z</time></trkpt>
<trkpt lat="39.986680" lon="-75.200455"><ele>18.6</ele><time>2026-09-20T13:27:07.000Z</time></trkpt>
<trkpt lat="39.986639" lon="-75.200511"><ele>18.6</ele><time>2026-09-20T13:27:09.000Z</time></trkpt>
<trkpt lat="39.986483" lon="-75.200672"><ele>18.6</ele><time>2026-09-20T13:27:16.000Z</time></trkpt>
<trkpt lat="39.986453" lon="-75.200726"><ele>18.6</ele><time>2026-09-20T13:27:18.000Z</time></trkpt>
<trkpt lat="39.986326" lon="-75.200898"><ele>18.8</ele><time>2026-09-20T13:27:25.000Z</time></trkpt>
</trkseg></trk>
</gpx>
