<?xml version="1.0" encoding="UTF-8"?>
<gpx version="1.1" creator="Just the Route" xmlns="http://www.topografix.com/GPX/1/1">
<trk><name>schuylkill-river-loop.gpx</name><trkseg>
<trkpt lat="39.964550" lon="-75.179661"><ele>16.2</ele><time>2026-09-23T10:35:06.000Z</time></trkpt>
<trkpt lat="39.964556" lon="-75.179650"><ele>16.4</ele><time>2026-09-23T10:35:07.000Z</time></trkpt>
<trkpt lat="39.964616" lon="-75.179569"><ele>16.8</ele><time>2026-09-23T10:35:12.000Z</time></trkpt>
<trkpt lat="39.964755" lon="-75.179452"><ele>17.0</ele><time>2026-09-23T10:35:18.000Z</time></trkpt>
<trkpt lat="39.964773" lon="-75.179439"><ele>17.2</ele><time>2026-09-23T10:35:19.000Z</time></trkpt>
<trkpt lat="39.964795" lon="-75.179413"><ele>17.2</ele><time>2026-09-23T10:35:21.000Z</time></trkpt>
<trkpt lat="39.964848" lon="-75.179369"><ele>17.6</ele><time>2026-09-23T10:35:24.000Z</time></trkpt>
<trkpt lat="39.964867" lon="-75.179362"><ele>17.6</ele><time>2026-09-23T10:35:25.000Z</time></trkpt>
<trkpt lat="39.964915" lon="-75.179329"><ele>17.6</ele><time>2026-09-23T10:35:27.000Z</time></trkpt>
<trkpt lat="39.964954" lon="-75.179304"><ele>17.8</ele><time>2026-09-23T10:35:29.000Z</time></trkpt>
<trkpt lat="39.964982" lon="-75.179281"><ele>17.8</ele><time>2026-09-23T10:35:31.000Z</time></trkpt>
<trkpt lat="39.965018" lon="-75.179244"><ele>18.2</ele><time>2026-09-23T10:35:34.000Z</time></trkpt>
<trkpt lat="39.965063" lon="-75.179188"><ele>18.2</ele><time>2026-09-23T10:35:37.000Z</time></trkpt>
<trkpt lat="39.965080" lon="-75.179173"><ele>18.2</ele><time>2026-09-23T10:35:38.000Z</time></trkpt>
<trkpt lat="39.965161" lon="-75.179147"><ele>18.6</ele><time>2026-09-23T10:35:42.000Z</time></trkpt>
<trkpt lat="39.965193" lon="-75.179160"><ele>18.6</ele><time>2026-09-23T10:35:44.000Z</time></trkpt>
<trkpt lat="39.965284" lon="-75.179201"><ele>18.8</ele><time>2026-09-23T10:35:50.000Z</time></trkpt>
<trkpt lat="39.965445" lon="-75.179256"><ele>19.4</ele><time>2026-09-23T10:35:58.000Z</time></trkpt>
<trkpt lat="39.965468" lon="-75.179256"><ele>19.4</ele><time>2026-09-23T10:35:59.000Z</time></trkpt>
<trkpt lat="39.965607" lon="-75.179288"><ele>19.8</ele><time>2026-09-23T10:36:05.000Z</time></trkpt>
<trkpt lat="39.965665" lon="-75.179319"><ele>20.0</ele><time>2026-09-23T10:36:08.000Z</time></trkpt>
<trkpt lat="39.965786" lon="-75.179396"><ele>20.4</ele><time>2026-09-23T10:36:15.000Z</time></trkpt>
<trkpt lat="39.965801" lon="-75.179404"><ele>20.4</ele><time>2026-09-23T10:36:16.000Z</time></trkpt>
<trkpt lat="39.965900" lon="-75.179481"><ele>20.4</ele><time>2026-09-23T10:36:21.000Z</time></trkpt>
<trkpt lat="39.966034" lon="-75.179570"><ele>20.2</ele><time>2026-09-23T10:36:28.000Z</time></trkpt>
<trkpt lat="39.966226" lon="-75.179640"><ele>20.4</ele><time>2026-09-23T10:36:36.000Z</time></trkpt>
<trkpt lat="39.966374" lon="-75.179725"><ele>20.4</ele><time>2026-09-23T10:36:43.000Z</time></trkpt>
<trkpt lat="39.966397" lon="-75.179742"><ele>20.6</ele><time>2026-09-23T10:36:44.000Z</time></trkpt>
<trkpt lat="39.966585" lon="-75.179831"><ele>20.6</ele><time>2026-09-23T10:36:52.000Z</time></trkpt>
<trkpt lat="39.966734" lon="-75.179993"><ele>20.8</ele><time>2026-09-23T10:37:00.000Z</time></trkpt>
<trkpt lat="39.966849" lon="-75.180128"><ele>20.8</ele><time>2026-09-23T10:37:07.000Z</time></trkpt>
<trkpt lat="39.966965" lon="-75.180283"><ele>20.8</ele><time>2026-09-23T10:37:14.000Z</time></trkpt>
<trkpt lat="39.967047" lon="-75.180444"><ele>20.6</ele><time>2026-09-23T10:37:21.000Z</time></trkpt>
<trkpt lat="39.967082" lon="-75.180537"><ele>20.6</ele><time>2026-09-23T10:37:24.000Z</time></trkpt>
<trkpt lat="39.967168" lon="-75.180761"><ele>20.4</ele><time>2026-09-23T10:37:32.000Z</time></trkpt>
<trkpt lat="39.967249" lon="-75.180991"><ele>19.8</ele><time>2026-09-23T10:37:41.000Z</time></trkpt>
<trkpt lat="39.967319" lon="-75.181234"><ele>19.4</ele><time>2026-09-23T10:37:50.000Z</time></trkpt>
<trkpt lat="39.967333" lon="-75.181284"><ele>19.4</ele><time>2026-09-23T10:37:52.000Z</time></trkpt>
<trkpt lat="39.967408" lon="-75.181525"><ele>19.2</ele><time>2026-09-23T10:38:00.000Z</time></trkpt>
<trkpt lat="39.967421" lon="-75.181548"><ele>19.2</ele><time>2026-09-23T10:38:01.000Z</time></trkpt>
<trkpt lat="39.967511" lon="-75.181773"><ele>19.0</ele><time>2026-09-23T10:38:09.000Z</time></trkpt>
<trkpt lat="39.967524" lon="-75.181796"><ele>19.0</ele><time>2026-09-23T10:38:10.000Z</time></trkpt>
<trkpt lat="39.967660" lon="-75.181967"><ele>18.6</ele><time>2026-09-23T10:38:18.000Z</time></trkpt>
<trkpt lat="39.967675" lon="-75.181989"><ele>18.4</ele><time>2026-09-23T10:38:19.000Z</time></trkpt>
<trkpt lat="39.967691" lon="-75.182007"><ele>18.4</ele><time>2026-09-23T10:38:20.000Z</time></trkpt>
<trkpt lat="39.967818" lon="-75.182175"><ele>17.8</ele><time>2026-09-23T10:38:28.000Z</time></trkpt>
<trkpt lat="39.967893" lon="-75.182269"><ele>17.8</ele><time>2026-09-23T10:38:32.000Z</time></trkpt>
<trkpt lat="39.967945" lon="-75.182334"><ele>18.0</ele><time>2026-09-23T10:38:35.000Z</time></trkpt>
<trkpt lat="39.968071" lon="-75.182521"><ele>17.4</ele><time>2026-09-23T10:38:43.000Z</time></trkpt>
<trkpt lat="39.968083" lon="-75.182543"><ele>17.2</ele><time>2026-09-23T10:38:44.000Z</time></trkpt>
<trkpt lat="39.968205" lon="-75.182734"><ele>17.0</ele><time>2026-09-23T10:38:52.000Z</time></trkpt>
<trkpt lat="39.968220" lon="-75.182756"><ele>17.0</ele><time>2026-09-23T10:38:53.000Z</time></trkpt>
<trkpt lat="39.968326" lon="-75.182932"><ele>16.6</ele><time>2026-09-23T10:39:00.000Z</time></trkpt>
<trkpt lat="39.968391" lon="-75.183042"><ele>16.2</ele><time>2026-09-23T10:39:04.000Z</time></trkpt>
<trkpt lat="39.968468" lon="-75.183168"><ele>15.8</ele><time>2026-09-23T10:39:09.000Z</time></trkpt>
<trkpt lat="39.968557" lon="-75.183382"><ele>15.4</ele><time>2026-09-23T10:39:16.000Z</time></trkpt>
<trkpt lat="39.968600" lon="-75.183450"><ele>15.2</ele><time>2026-09-23T10:39:19.000Z</time></trkpt>
<trkpt lat="39.968677" lon="-75.183561"><ele>14.6</ele><time>2026-09-23T10:39:24.000Z</time></trkpt>
<trkpt lat="39.968764" lon="-75.183780"><ele>14.4</ele><time>2026-09-23T10:39:32.000Z</time></trkpt>
<trkpt lat="39.968795" lon="-75.183844"><ele>14.2</ele><time>2026-09-23T10:39:34.000Z</time></trkpt>
<trkpt lat="39.968873" lon="-75.184001"><ele>13.8</ele><time>2026-09-23T10:39:41.000Z</time></trkpt>
<trkpt lat="39.968917" lon="-75.184099"><ele>13.6</ele><time>2026-09-23T10:39:45.000Z</time></trkpt>
<trkpt lat="39.968980" lon="-75.184198"><ele>13.6</ele><time>2026-09-23T10:39:49.000Z</time></trkpt>
<trkpt lat="39.969038" lon="-75.184443"><ele>13.4</ele><time>2026-09-23T10:39:56.000Z</time></trkpt>
<trkpt lat="39.969045" lon="-75.184473"><ele>13.4</ele><time>2026-09-23T10:39:57.000Z</time></trkpt>
<trkpt lat="39.969069" lon="-75.184552"><ele>13.0</ele><time>2026-09-23T10:40:00.000Z</time></trkpt>
<trkpt lat="39.969119" lon="-75.184665"><ele>12.6</ele><time>2026-09-23T10:40:07.000Z</time></trkpt>
<trkpt lat="39.969118" lon="-75.184681"><ele>12.6</ele><time>2026-09-23T10:40:08.000Z</time></trkpt>
<trkpt lat="39.969197" lon="-75.184822"><ele>12.6</ele><time>2026-09-23T10:40:14.000Z</time></trkpt>
<trkpt lat="39.969277" lon="-75.185043"><ele>12.4</ele><time>2026-09-23T10:40:22.000Z</time></trkpt>
<trkpt lat="39.969334" lon="-75.185265"><ele>12.2</ele><time>2026-09-23T10:40:30.000Z</time></trkpt>
<trkpt lat="39.969348" lon="-75.185320"><ele>12.2</ele><time>2026-09-23T10:40:32.000Z</time></trkpt>
<trkpt lat="39.969386" lon="-75.185564"><ele>12.4</ele><time>2026-09-23T10:40:40.000Z</time></trkpt>
<trkpt lat="39.969430" lon="-75.185795"><ele>12.2</ele><time>2026-09-23T10:40:48.000Z</time></trkpt>
<trkpt lat="39.969434" lon="-75.185827"><ele>12.2</ele><time>2026-09-23T10:40:49.000Z</time></trkpt>
<trkpt lat="39.969465" lon="-75.186068"><ele>11.8</ele><time>2026-09-23T10:40:57.000Z</time></trkpt>
<trkpt lat="39.969476" lon="-75.186125"><ele>11.6</ele><time>2026-09-23T10:40:59.000Z</time></trkpt>
<trkpt lat="39.969481" lon="-75.186155"><ele>11.6</ele><time>2026-09-23T10:41:00.000Z</time></trkpt>
<trkpt lat="39.969501" lon="-75.186331"><ele>11.4</ele><time>2026-09-23T10:41:06.000Z</time></trkpt>
<trkpt lat="39.969506" lon="-75.186361"><ele>11.4</ele><time>2026-09-23T10:41:07.000Z</time></trkpt>
<trkpt lat="39.969554" lon="-75.186599"><ele>11.4</ele><time>2026-09-23T10:41:15.000Z</time></trkpt>
<trkpt lat="39.969558" lon="-75.186629"><ele>11.6</ele><time>2026-09-23T10:41:16.000Z</time></trkpt>
<trkpt lat="39.969562" lon="-75.186658"><ele>11.4</ele><time>2026-09-23T10:41:17.000Z</time></trkpt>
<trkpt lat="39.969583" lon="-75.186904"><ele>11.6</ele><time>2026-09-23T10:41:25.000Z</time></trkpt>
<trkpt lat="39.969619" lon="-75.187152"><ele>11.4</ele><time>2026-09-23T10:41:33.000Z</time></trkpt>
<trkpt lat="39.969624" lon="-75.187181"><ele>11.4</ele><time>2026-09-23T10:41:34.000Z</time></trkpt>
<trkpt lat="39.969652" lon="-75.187426"><ele>11.4</ele><time>2026-09-23T10:41:42.000Z</time></trkpt>
<trkpt lat="39.969654" lon="-75.187523"><ele>11.6</ele><time>2026-09-23T10:41:45.000Z</time></trkpt>
<trkpt lat="39.969684" lon="-75.187769"><ele>11.4</ele><time>2026-09-23T10:41:54.000Z</time></trkpt>
<trkpt lat="39.969695" lon="-75.187826"><ele>11.4</ele><time>2026-09-23T10:41:56.000Z</time></trkpt>
<trkpt lat="39.969728" lon="-75.188070"><ele>11.2</ele><time>2026-09-23T10:42:04.000Z</time></trkpt>
<trkpt lat="39.969732" lon="-75.188097"><ele>11.2</ele><time>2026-09-23T10:42:05.000Z</time></trkpt>
<trkpt lat="39.969739" lon="-75.188156"><ele>11.2</ele><time>2026-09-23T10:42:07.000Z</time></trkpt>
<trkpt lat="39.969746" lon="-75.188184"><ele>11.2</ele><time>2026-09-23T10:42:08.000Z</time></trkpt>
<trkpt lat="39.969770" lon="-75.188340"><ele>11.2</ele><time>2026-09-23T10:42:13.000Z</time></trkpt>
<trkpt lat="39.969803" lon="-75.188581"><ele>11.4</ele><time>2026-09-23T10:42:21.000Z</time></trkpt>
<trkpt lat="39.969808" lon="-75.188611"><ele>11.4</ele><time>2026-09-23T10:42:22.000Z</time></trkpt>
<trkpt lat="39.969848" lon="-75.188850"><ele>11.2</ele><time>2026-09-23T10:42:30.000Z</time></trkpt>
<trkpt lat="39.969853" lon="-75.188910"><ele>11.2</ele><time>2026-09-23T10:42:32.000Z</time></trkpt>
<trkpt lat="39.969875" lon="-75.189087"><ele>10.6</ele><time>2026-09-23T10:42:38.000Z</time></trkpt>
<trkpt lat="39.969889" lon="-75.189130"><ele>10.4</ele><time>2026-09-23T10:42:40.000Z</time></trkpt>
<trkpt lat="39.969911" lon="-75.189235"><ele>10.4</ele><time>2026-09-23T10:42:45.000Z</time></trkpt>
<trkpt lat="39.969923" lon="-75.189285"><ele>10.8</ele><time>2026-09-23T10:42:47.000Z</time></trkpt>
<trkpt lat="39.969968" lon="-75.189457"><ele>11.0</ele><time>2026-09-23T10:42:52.000Z</time></trkpt>
<trkpt lat="39.970053" lon="-75.189680"><ele>10.8</ele><time>2026-09-23T10:42:59.000Z</time></trkpt>
<trkpt lat="39.970081" lon="-75.189737"><ele>10.8</ele><time>2026-09-23T10:43:01.000Z</time></trkpt>
<trkpt lat="39.970215" lon="-75.189927"><ele>10.2</ele><time>2026-09-23T10:43:09.000Z</time></trkpt>
<trkpt lat="39.970371" lon="-75.190074"><ele>10.0</ele><time>2026-09-23T10:43:17.000Z</time></trkpt>
<trkpt lat="39.970389" lon="-75.190091"><ele>10.0</ele><time>2026-09-23T10:43:18.000Z</time></trkpt>
<trkpt lat="39.970584" lon="-75.190153"><ele>9.4</ele><time>2026-09-23T10:43:26.000Z</time></trkpt>
<trkpt lat="39.970630" lon="-75.190161"><ele>9.2</ele><time>2026-09-23T10:43:28.000Z</time></trkpt>
<trkpt lat="39.970820" lon="-75.190172"><ele>9.4</ele><time>2026-09-23T10:43:36.000Z</time></trkpt>
<trkpt lat="39.970843" lon="-75.190176"><ele>9.4</ele><time>2026-09-23T10:43:37.000Z</time></trkpt>
<trkpt lat="39.970954" lon="-75.190194"><ele>9.4</ele><time>2026-09-23T10:43:42.000Z</time></trkpt>
<trkpt lat="39.971114" lon="-75.190207"><ele>9.4</ele><time>2026-09-23T10:43:49.000Z</time></trkpt>
<trkpt lat="39.971310" lon="-75.190216"><ele>9.4</ele><time>2026-09-23T10:43:57.000Z</time></trkpt>
<trkpt lat="39.971379" lon="-75.190214"><ele>9.4</ele><time>2026-09-23T10:44:00.000Z</time></trkpt>
<trkpt lat="39.971575" lon="-75.190181"><ele>9.4</ele><time>2026-09-23T10:44:08.000Z</time></trkpt>
<trkpt lat="39.971652" lon="-75.190160"><ele>9.4</ele><time>2026-09-23T10:44:11.000Z</time></trkpt>
<trkpt lat="39.971846" lon="-75.190082"><ele>8.8</ele><time>2026-09-23T10:44:19.000Z</time></trkpt>
<trkpt lat="39.971915" lon="-75.190066"><ele>8.8</ele><time>2026-09-23T10:44:22.000Z</time></trkpt>
<trkpt lat="39.972098" lon="-75.190012"><ele>9.2</ele><time>2026-09-23T10:44:30.000Z</time></trkpt>
<trkpt lat="39.972119" lon="-75.190012"><ele>9.4</ele><time>2026-09-23T10:44:31.000Z</time></trkpt>
<trkpt lat="39.972141" lon="-75.190010"><ele>9.4</ele><time>2026-09-23T10:44:32.000Z</time></trkpt>
<trkpt lat="39.972273" lon="-75.190099"><ele>9.6</ele><time>2026-09-23T10:44:38.000Z</time></trkpt>
<trkpt lat="39.972421" lon="-75.190132"><ele>9.2</ele><time>2026-09-23T10:44:45.000Z</time></trkpt>
<trkpt lat="39.972622" lon="-75.190222"><ele>9.4</ele><time>2026-09-23T10:44:53.000Z</time></trkpt>
<trkpt lat="39.972644" lon="-75.190231"><ele>9.4</ele><time>2026-09-23T10:44:54.000Z</time></trkpt>
<trkpt lat="39.972807" lon="-75.190342"><ele>9.6</ele><time>2026-09-23T10:45:02.000Z</time></trkpt>
<trkpt lat="39.972967" lon="-75.190417"><ele>9.6</ele><time>2026-09-23T10:45:09.000Z</time></trkpt>
<trkpt lat="39.973141" lon="-75.190485"><ele>9.6</ele><time>2026-09-23T10:45:17.000Z</time></trkpt>
<trkpt lat="39.973317" lon="-75.190566"><ele>9.8</ele><time>2026-09-23T10:45:25.000Z</time></trkpt>
<trkpt lat="39.973336" lon="-75.190582"><ele>9.8</ele><time>2026-09-23T10:45:26.000Z</time></trkpt>
<trkpt lat="39.973354" lon="-75.190605"><ele>10.0</ele><time>2026-09-23T10:45:27.000Z</time></trkpt>
<trkpt lat="39.973484" lon="-75.190684"><ele>10.0</ele><time>2026-09-23T10:45:33.000Z</time></trkpt>
<trkpt lat="39.973507" lon="-75.190687"><ele>10.0</ele><time>2026-09-23T10:45:34.000Z</time></trkpt>
<trkpt lat="39.973588" lon="-75.190730"><ele>9.8</ele><time>2026-09-23T10:45:38.000Z</time></trkpt>
<trkpt lat="39.973762" lon="-75.190824"><ele>10.0</ele><time>2026-09-23T10:45:46.000Z</time></trkpt>
<trkpt lat="39.973781" lon="-75.190830"><ele>10.0</ele><time>2026-09-23T10:45:47.000Z</time></trkpt>
<trkpt lat="39.973926" lon="-75.190921"><ele>10.0</ele><time>2026-09-23T10:45:54.000Z</time></trkpt>
<trkpt lat="39.974034" lon="-75.191010"><ele>10.2</ele><time>2026-09-23T10:46:00.000Z</time></trkpt>
<trkpt lat="39.974210" lon="-75.191134"><ele>10.2</ele><time>2026-09-23T10:46:08.000Z</time></trkpt>
<trkpt lat="39.974296" lon="-75.191179"><ele>10.4</ele><time>2026-09-23T10:46:12.000Z</time></trkpt>
<trkpt lat="39.974333" lon="-75.191209"><ele>10.6</ele><time>2026-09-23T10:46:14.000Z</time></trkpt>
<trkpt lat="39.974399" lon="-75.191270"><ele>10.8</ele><time>2026-09-23T10:46:17.000Z</time></trkpt>
<trkpt lat="39.974531" lon="-75.191363"><ele>11.0</ele><time>2026-09-23T10:46:23.000Z</time></trkpt>
<trkpt lat="39.974695" lon="-75.191465"><ele>10.8</ele><time>2026-09-23T10:46:31.000Z</time></trkpt>
<trkpt lat="39.974736" lon="-75.191489"><ele>11.0</ele><time>2026-09-23T10:46:33.000Z</time></trkpt>
<trkpt lat="39.974843" lon="-75.191628"><ele>10.6</ele><time>2026-09-23T10:46:40.000Z</time></trkpt>
<trkpt lat="39.974946" lon="-75.191823"><ele>10.2</ele><time>2026-09-23T10:46:48.000Z</time></trkpt>
<trkpt lat="39.975123" lon="-75.191913"><ele>10.4</ele><time>2026-09-23T10:46:56.000Z</time></trkpt>
<trkpt lat="39.975247" lon="-75.192002"><ele>10.6</ele><time>2026-09-23T10:47:03.000Z</time></trkpt>
<trkpt lat="39.975318" lon="-75.192108"><ele>10.8</ele><time>2026-09-23T10:47:09.000Z</time></trkpt>
<trkpt lat="39.975326" lon="-75.192121"><ele>10.8</ele><time>2026-09-23T10:47:10.000Z</time></trkpt>
<trkpt lat="39.975390" lon="-75.192179"><ele>11.2</ele><time>2026-09-23T10:47:15.000Z</time></trkpt>
<trkpt lat="39.975485" lon="-75.192295"><ele>11.0</ele><time>2026-09-23T10:47:21.000Z</time></trkpt>
<trkpt lat="39.975598" lon="-75.192434"><ele>10.6</ele><time>2026-09-23T10:47:28.000Z</time></trkpt>
<trkpt lat="39.975777" lon="-75.192567"><ele>10.6</ele><time>2026-09-23T10:47:36.000Z</time></trkpt>
<trkpt lat="39.975802" lon="-75.192579"><ele>10.4</ele><time>2026-09-23T10:47:37.000Z</time></trkpt>
<trkpt lat="39.975984" lon="-75.192651"><ele>10.8</ele><time>2026-09-23T10:47:43.000Z</time></trkpt>
<trkpt lat="39.976058" lon="-75.192690"><ele>10.8</ele><time>2026-09-23T10:47:46.000Z</time></trkpt>
<trkpt lat="39.976228" lon="-75.192829"><ele>11.6</ele><time>2026-09-23T10:47:54.000Z</time></trkpt>
<trkpt lat="39.976355" lon="-75.192904"><ele>12.2</ele><time>2026-09-23T10:48:00.000Z</time></trkpt>
<trkpt lat="39.976497" lon="-75.192998"><ele>12.2</ele><time>2026-09-23T10:48:07.000Z</time></trkpt>
<trkpt lat="39.976602" lon="-75.193097"><ele>12.2</ele><time>2026-09-23T10:48:13.000Z</time></trkpt>
<trkpt lat="39.976675" lon="-75.193248"><ele>12.0</ele><time>2026-09-23T10:48:19.000Z</time></trkpt>
<trkpt lat="39.976745" lon="-75.193372"><ele>12.0</ele><time>2026-09-23T10:48:24.000Z</time></trkpt>
<trkpt lat="39.976854" lon="-75.193549"><ele>11.6</ele><time>2026-09-23T10:48:29.000Z</time></trkpt>
<trkpt lat="39.976949" lon="-75.193644"><ele>11.6</ele><time>2026-09-23T10:48:35.000Z</time></trkpt>
<trkpt lat="39.977112" lon="-75.193786"><ele>11.2</ele><time>2026-09-23T10:48:44.000Z</time></trkpt>
<trkpt lat="39.977289" lon="-75.193902"><ele>11.6</ele><time>2026-09-23T10:48:53.000Z</time></trkpt>
<trkpt lat="39.977329" lon="-75.193930"><ele>11.6</ele><time>2026-09-23T10:48:55.000Z</time></trkpt>
<trkpt lat="39.977483" lon="-75.194053"><ele>11.2</ele><time>2026-09-23T10:49:03.000Z</time></trkpt>
<trkpt lat="39.977519" lon="-75.194084"><ele>11.2</ele><time>2026-09-23T10:49:05.000Z</time></trkpt>
<trkpt lat="39.977623" lon="-75.194155"><ele>11.2</ele><time>2026-09-23T10:49:10.000Z</time></trkpt>
<trkpt lat="39.977674" lon="-75.194200"><ele>11.2</ele><time>2026-09-23T10:49:13.000Z</time></trkpt>
<trkpt lat="39.977770" lon="-75.194325"><ele>11.4</ele><time>2026-09-23T10:49:19.000Z</time></trkpt>
<trkpt lat="39.977895" lon="-75.194470"><ele>11.6</ele><time>2026-09-23T10:49:26.000Z</time></trkpt>
<trkpt lat="39.978001" lon="-75.194589"><ele>11.4</ele><time>2026-09-23T10:49:32.000Z</time></trkpt>
<trkpt lat="39.978053" lon="-75.194651"><ele>11.2</ele><time>2026-09-23T10:49:35.000Z</time></trkpt>
<trkpt lat="39.978182" lon="-75.194841"><ele>11.2</ele><time>2026-09-23T10:49:43.000Z</time></trkpt>
<trkpt lat="39.978199" lon="-75.194870"><ele>11.2</ele><time>2026-09-23T10:49:44.000Z</time></trkpt>
<trkpt lat="39.978327" lon="-75.195046"><ele>11.0</ele><time>2026-09-23T10:49:52.000Z</time></trkpt>
<trkpt lat="39.978385" lon="-75.195131"><ele>10.8</ele><time>2026-09-23T10:49:58.000Z</time></trkpt>
<trkpt lat="39.978447" lon="-75.195230"><ele>10.8</ele><time>2026-09-23T10:50:05.000Z</time></trkpt>
<trkpt lat="39.978460" lon="-75.195250"><ele>10.8</ele><time>2026-09-23T10:50:06.000Z</time></trkpt>
<trkpt lat="39.978534" lon="-75.195345"><ele>11.2</ele><time>2026-09-23T10:50:11.000Z</time></trkpt>
<trkpt lat="39.978646" lon="-75.195490"><ele>11.0</ele><time>2026-09-23T10:50:18.000Z</time></trkpt>
<trkpt lat="39.978777" lon="-75.195667"><ele>10.8</ele><time>2026-09-23T10:50:26.000Z</time></trkpt>
<trkpt lat="39.978793" lon="-75.195689"><ele>10.8</ele><time>2026-09-23T10:50:27.000Z</time></trkpt>
<trkpt lat="39.978931" lon="-75.195881"><ele>10.4</ele><time>2026-09-23T10:50:36.000Z</time></trkpt>
<trkpt lat="39.978982" lon="-75.195950"><ele>10.2</ele><time>2026-09-23T10:50:39.000Z</time></trkpt>
<trkpt lat="39.979103" lon="-75.196147"><ele>10.2</ele><time>2026-09-23T10:50:47.000Z</time></trkpt>
<trkpt lat="39.979121" lon="-75.196165"><ele>10.2</ele><time>2026-09-23T10:50:48.000Z</time></trkpt>
<trkpt lat="39.979216" lon="-75.196315"><ele>10.2</ele><time>2026-09-23T10:50:55.000Z</time></trkpt>
<trkpt lat="39.979279" lon="-75.196440"><ele>10.4</ele><time>2026-09-23T10:51:00.000Z</time></trkpt>
<trkpt lat="39.979409" lon="-75.196622"><ele>9.8</ele><time>2026-09-23T10:51:08.000Z</time></trkpt>
<trkpt lat="39.979540" lon="-75.196809"><ele>9.8</ele><time>2026-09-23T10:51:16.000Z</time></trkpt>
<trkpt lat="39.979556" lon="-75.196835"><ele>9.8</ele><time>2026-09-23T10:51:17.000Z</time></trkpt>
<trkpt lat="39.979670" lon="-75.196975"><ele>9.8</ele><time>2026-09-23T10:51:24.000Z</time></trkpt>
<trkpt lat="39.979786" lon="-75.197148"><ele>9.8</ele><time>2026-09-23T10:51:32.000Z</time></trkpt>
<trkpt lat="39.979896" lon="-75.197343"><ele>9.8</ele><time>2026-09-23T10:51:40.000Z</time></trkpt>
<trkpt lat="39.979936" lon="-75.197408"><ele>9.8</ele><time>2026-09-23T10:51:43.000Z</time></trkpt>
<trkpt lat="39.980054" lon="-75.197593"><ele>10.0</ele><time>2026-09-23T10:51:51.000Z</time></trkpt>
<trkpt lat="39.980086" lon="-75.197632"><ele>10.0</ele><time>2026-09-23T10:51:53.000Z</time></trkpt>
<trkpt lat="39.980214" lon="-75.197800"><ele>10.0</ele><time>2026-09-23T10:52:01.000Z</time></trkpt>
<trkpt lat="39.980227" lon="-75.197827"><ele>10.0</ele><time>2026-09-23T10:52:02.000Z</time></trkpt>
<trkpt lat="39.980342" lon="-75.198011"><ele>10.2</ele><time>2026-09-23T10:52:10.000Z</time></trkpt>
<trkpt lat="39.980356" lon="-75.198035"><ele>10.4</ele><time>2026-09-23T10:52:11.000Z</time></trkpt>
<trkpt lat="39.980374" lon="-75.198055"><ele>10.4</ele><time>2026-09-23T10:52:12.000Z</time></trkpt>
<trkpt lat="39.980430" lon="-75.198143"><ele>10.4</ele><time>2026-09-23T10:52:16.000Z</time></trkpt>
<trkpt lat="39.980488" lon="-75.198248"><ele>10.6</ele><time>2026-09-23T10:52:22.000Z</time></trkpt>
<trkpt lat="39.980508" lon="-75.198275"><ele>10.6</ele><time>2026-09-23T10:52:24.000Z</time></trkpt>
<trkpt lat="39.980564" lon="-75.198388"><ele>10.8</ele><time>2026-09-23T10:52:32.000Z</time></trkpt>
<trkpt lat="39.980607" lon="-75.198563"><ele>11.2</ele><time>2026-09-23T10:52:41.000Z</time></trkpt>
<trkpt lat="39.980631" lon="-75.198652"><ele>11.4</ele><time>2026-09-23T10:52:44.000Z</time></trkpt>
<trkpt lat="39.980650" lon="-75.198749"><ele>11.4</ele><time>2026-09-23T10:52:47.000Z</time></trkpt>
<trkpt lat="39.980666" lon="-75.198808"><ele>11.4</ele><time>2026-09-23T10:52:49.000Z</time></trkpt>
<trkpt lat="39.980734" lon="-75.199029"><ele>11.0</ele><time>2026-09-23T10:52:57.000Z</time></trkpt>
<trkpt lat="39.980755" lon="-75.199080"><ele>10.8</ele><time>2026-09-23T10:52:59.000Z</time></trkpt>
<trkpt lat="39.980832" lon="-75.199300"><ele>11.0</ele><time>2026-09-23T10:53:07.000Z</time></trkpt>
<trkpt lat="39.980849" lon="-75.199383"><ele>11.0</ele><time>2026-09-23T10:53:10.000Z</time></trkpt>
<trkpt lat="39.980899" lon="-75.199623"><ele>10.8</ele><time>2026-09-23T10:53:18.000Z</time></trkpt>
<trkpt lat="39.980969" lon="-75.199862"><ele>11.0</ele><time>2026-09-23T10:53:26.000Z</time></trkpt>
<trkpt lat="39.980978" lon="-75.199889"><ele>11.0</ele><time>2026-09-23T10:53:27.000Z</time></trkpt>
<trkpt lat="39.981066" lon="-75.200106"><ele>11.4</ele><time>2026-09-23T10:53:35.000Z</time></trkpt>
<trkpt lat="39.981078" lon="-75.200135"><ele>11.4</ele><time>2026-09-23T10:53:36.000Z</time></trkpt>
<trkpt lat="39.981188" lon="-75.200352"><ele>11.6</ele><time>2026-09-23T10:53:44.000Z</time></trkpt>
<trkpt lat="39.981233" lon="-75.200419"><ele>11.8</ele><time>2026-09-23T10:53:47.000Z</time></trkpt>
<trkpt lat="39.981359" lon="-75.200624"><ele>12.0</ele><time>2026-09-23T10:53:55.000Z</time></trkpt>
<trkpt lat="39.981427" lon="-75.200717"><ele>11.8</ele><time>2026-09-23T10:53:59.000Z</time></trkpt>
<trkpt lat="39.981538" lon="-75.200881"><ele>11.8</ele><time>2026-09-23T10:54:06.000Z</time></trkpt>
<trkpt lat="39.981666" lon="-75.201066"><ele>11.8</ele><time>2026-09-23T10:54:14.000Z</time></trkpt>
<trkpt lat="39.981794" lon="-75.201232"><ele>11.8</ele><time>2026-09-23T10:54:22.000Z</time></trkpt>
<trkpt lat="39.981846" lon="-75.201307"><ele>11.8</ele><time>2026-09-23T10:54:25.000Z</time></trkpt>
<trkpt lat="39.981981" lon="-75.201482"><ele>11.4</ele><time>2026-09-23T10:54:33.000Z</time></trkpt>
<trkpt lat="39.982030" lon="-75.201546"><ele>11.2</ele><time>2026-09-23T10:54:36.000Z</time></trkpt>
<trkpt lat="39.982176" lon="-75.201717"><ele>11.0</ele><time>2026-09-23T10:54:44.000Z</time></trkpt>
<trkpt lat="39.982224" lon="-75.201787"><ele>11.0</ele><time>2026-09-23T10:54:47.000Z</time></trkpt>
<trkpt lat="39.982357" lon="-75.201960"><ele>11.2</ele><time>2026-09-23T10:54:55.000Z</time></trkpt>
<trkpt lat="39.982499" lon="-75.202141"><ele>10.8</ele><time>2026-09-23T10:55:03.000Z</time></trkpt>
<trkpt lat="39.982538" lon="-75.202187"><ele>10.8</ele><time>2026-09-23T10:55:05.000Z</time></trkpt>
<trkpt lat="39.982692" lon="-75.202351"><ele>11.0</ele><time>2026-09-23T10:55:14.000Z</time></trkpt>
<trkpt lat="39.982725" lon="-75.202385"><ele>11.0</ele><time>2026-09-23T10:55:16.000Z</time></trkpt>
<trkpt lat="39.982824" lon="-75.202503"><ele>10.8</ele><time>2026-09-23T10:55:25.000Z</time></trkpt>
<trkpt lat="39.982915" lon="-75.202603"><ele>10.8</ele><time>2026-09-23T10:55:33.000Z</time></trkpt>
<trkpt lat="39.982998" lon="-75.202701"><ele>11.0</ele><time>2026-09-23T10:55:38.000Z</time></trkpt>
<trkpt lat="39.983068" lon="-75.202774"><ele>10.8</ele><time>2026-09-23T10:55:42.000Z</time></trkpt>
<trkpt lat="39.983135" lon="-75.202852"><ele>10.4</ele><time>2026-09-23T10:55:46.000Z</time></trkpt>
<trkpt lat="39.983187" lon="-75.202909"><ele>10.4</ele><time>2026-09-23T10:55:49.000Z</time></trkpt>
<trkpt lat="39.983293" lon="-75.203017"><ele>10.2</ele><time>2026-09-23T10:55:55.000Z</time></trkpt>
<trkpt lat="39.983313" lon="-75.203033"><ele>10.0</ele><time>2026-09-23T10:55:56.000Z</time></trkpt>
<trkpt lat="39.983462" lon="-75.203171"><ele>9.8</ele><time>2026-09-23T10:56:04.000Z</time></trkpt>
<trkpt lat="39.983634" lon="-75.203281"><ele>9.8</ele><time>2026-09-23T10:56:12.000Z</time></trkpt>
<trkpt lat="39.983680" lon="-75.203302"><ele>9.6</ele><time>2026-09-23T10:56:14.000Z</time></trkpt>
<trkpt lat="39.983752" lon="-75.203327"><ele>9.6</ele><time>2026-09-23T10:56:17.000Z</time></trkpt>
<trkpt lat="39.983926" lon="-75.203385"><ele>9.4</ele><time>2026-09-23T10:56:24.000Z</time></trkpt>
<trkpt lat="39.984115" lon="-75.203422"><ele>8.8</ele><time>2026-09-23T10:56:32.000Z</time></trkpt>
<trkpt lat="39.984163" lon="-75.203430"><ele>8.8</ele><time>2026-09-23T10:56:34.000Z</time></trkpt>
<trkpt lat="39.984330" lon="-75.203408"><ele>9.0</ele><time>2026-09-23T10:56:41.000Z</time></trkpt>
<trkpt lat="39.984467" lon="-75.203389"><ele>8.6</ele><time>2026-09-23T10:56:47.000Z</time></trkpt>
<trkpt lat="39.984542" lon="-75.203360"><ele>8.6</ele><time>2026-09-23T10:56:50.000Z</time></trkpt>
<trkpt lat="39.984738" lon="-75.203285"><ele>9.0</ele><time>2026-09-23T10:56:59.000Z</time></trkpt>
<trkpt lat="39.985100" lon="-75.203087"><ele>8.8</ele><time>2026-09-23T10:57:15.000Z</time></trkpt>
<trkpt lat="39.985131" lon="-75.203041"><ele>8.8</ele><time>2026-09-23T10:57:16.000Z</time></trkpt>
<trkpt lat="39.985222" lon="-75.202904"><ele>8.8</ele><time>2026-09-23T10:57:22.000Z</time></trkpt>
<trkpt lat="39.985343" lon="-75.202709"><ele>10.0</ele><time>2026-09-23T10:57:30.000Z</time></trkpt>
<trkpt lat="39.985359" lon="-75.202687"><ele>10.2</ele><time>2026-09-23T10:57:31.000Z</time></trkpt>
<trkpt lat="39.985374" lon="-75.202664"><ele>10.4</ele><time>2026-09-23T10:57:32.000Z</time></trkpt>
<trkpt lat="39.985463" lon="-75.202537"><ele>10.4</ele><time>2026-09-23T10:57:38.000Z</time></trkpt>
<trkpt lat="39.985479" lon="-75.202519"><ele>10.4</ele><time>2026-09-23T10:57:39.000Z</time></trkpt>
<trkpt lat="39.985591" lon="-75.202378"><ele>10.4</ele><time>2026-09-23T10:57:46.000Z</time></trkpt>
<trkpt lat="39.985669" lon="-75.202258"><ele>10.8</ele><time>2026-09-23T10:57:51.000Z</time></trkpt>
<trkpt lat="39.985800" lon="-75.202088"><ele>10.8</ele><time>2026-09-23T10:57:59.000Z</time></trkpt>
<trkpt lat="39.985868" lon="-75.202000"><ele>11.0</ele><time>2026-09-23T10:58:03.000Z</time></trkpt>
<trkpt lat="39.985984" lon="-75.201798"><ele>11.2</ele><time>2026-09-23T10:58:11.000Z</time></trkpt>
<trkpt lat="39.985998" lon="-75.201772"><ele>11.2</ele><time>2026-09-23T10:58:12.000Z</time></trkpt>
<trkpt lat="39.986114" lon="-75.201571"><ele>11.2</ele><time>2026-09-23T10:58:20.000Z</time></trkpt>
<trkpt lat="39.986140" lon="-75.201523"><ele>11.2</ele><time>2026-09-23T10:58:22.000Z</time></trkpt>
<trkpt lat="39.986259" lon="-75.201329"><ele>10.2</ele><time>2026-09-23T10:58:30.000Z</time></trkpt>
<trkpt lat="39.986382" lon="-75.201145"><ele>10.2</ele><time>2026-09-23T10:58:38.000Z</time></trkpt>
<trkpt lat="39.986399" lon="-75.201120"><ele>10.2</ele><time>2026-09-23T10:58:39.000Z</time></trkpt>
<trkpt lat="39.986458" lon="-75.201027"><ele>10.8</ele><time>2026-09-23T10:58:43.000Z</time></trkpt>
<trkpt lat="39.986566" lon="-75.200872"><ele>10.0</ele><time>2026-09-23T10:58:50.000Z</time></trkpt>
<trkpt lat="39.986708" lon="-75.200707"><ele>10.2</ele><time>2026-09-23T10:58:58.000Z</time></trkpt>
<trkpt lat="39.986741" lon="-75.200671"><ele>10.4</ele><time>2026-09-23T10:59:00.000Z</time></trkpt>
<trkpt lat="39.986849" lon="-75.200629"><ele>10.2</ele><time>2026-09-23T10:59:05.000Z</time></trkpt>
<trkpt lat="39.986953" lon="-75.200547"><ele>9.4</ele><time>2026-09-23T10:59:10.000Z</time></trkpt>
<trkpt lat="39.986973" lon="-75.200528"><ele>9.4</ele><time>2026-09-23T10:59:11.000Z</time></trkpt>
<trkpt lat="39.987114" lon="-75.200359"><ele>10.2</ele><time>2026-09-23T10:59:19.000Z</time></trkpt>
<trkpt lat="39.987174" lon="-75.200298"><ele>10.2</ele><time>2026-09-23T10:59:22.000Z</time></trkpt>
<trkpt lat="39.987335" lon="-75.200152"><ele>10.0</ele><time>2026-09-23T10:59:30.000Z</time></trkpt>
<trkpt lat="39.987350" lon="-75.200128"><ele>9.6</ele><time>2026-09-23T10:59:31.000Z</time></trkpt>
<trkpt lat="39.987426" lon="-75.199950"><ele>9.8</ele><time>2026-09-23T10:59:38.000Z</time></trkpt>
<trkpt lat="39.987476" lon="-75.199890"><ele>11.0</ele><time>2026-09-23T10:59:41.000Z</time></trkpt>
<trkpt lat="39.987548" lon="-75.199821"><ele>11.2</ele><time>2026-09-23T10:59:45.000Z</time></trkpt>
<trkpt lat="39.987693" lon="-75.199693"><ele>11.2</ele><time>2026-09-23T10:59:53.000Z</time></trkpt>
<trkpt lat="39.987838" lon="-75.199576"><ele>11.0</ele><time>2026-09-23T11:00:00.000Z</time></trkpt>
<trkpt lat="39.988001" lon="-75.199436"><ele>11.4</ele><time>2026-09-23T11:00:08.000Z</time></trkpt>
<trkpt lat="39.988060" lon="-75.199384"><ele>10.8</ele><time>2026-09-23T11:00:11.000Z</time></trkpt>
<trkpt lat="39.988206" lon="-75.199280"><ele>10.2</ele><time>2026-09-23T11:00:18.000Z</time></trkpt>
<trkpt lat="39.988359" lon="-75.199137"><ele>10.6</ele><time>2026-09-23T11:00:26.000Z</time></trkpt>
<trkpt lat="39.988478" lon="-75.199024"><ele>10.8</ele><time>2026-09-23T11:00:32.000Z</time></trkpt>
<trkpt lat="39.988512" lon="-75.198984"><ele>11.0</ele><time>2026-09-23T11:00:34.000Z</time></trkpt>
<trkpt lat="39.988609" lon="-75.198867"><ele>10.8</ele><time>2026-09-23T11:00:40.000Z</time></trkpt>
<trkpt lat="39.988653" lon="-75.198801"><ele>11.2</ele><time>2026-09-23T11:00:43.000Z</time></trkpt>
<trkpt lat="39.988780" lon="-75.198664"><ele>10.8</ele><time>2026-09-23T11:00:50.000Z</time></trkpt>
<trkpt lat="39.988848" lon="-75.198586"><ele>10.4</ele><time>2026-09-23T11:00:54.000Z</time></trkpt>
<trkpt lat="39.988963" lon="-75.198503"><ele>11.8</ele><time>2026-09-23T11:01:00.000Z</time></trkpt>
<trkpt lat="39.989144" lon="-75.198395"><ele>10.4</ele><time>2026-09-23T11:01:08.000Z</time></trkpt>
<trkpt lat="39.989183" lon="-75.198353"><ele>10.2</ele><time>2026-09-23T11:01:10.000Z</time></trkpt>
<trkpt lat="39.989219" lon="-75.198315"><ele>9.8</ele><time>2026-09-23T11:01:12.000Z</time></trkpt>
<trkpt lat="39.989311" lon="-75.198213"><ele>9.8</ele><time>2026-09-23T11:01:17.000Z</time></trkpt>
<trkpt lat="39.989406" lon="-75.198089"><ele>10.2</ele><time>2026-09-23T11:01:23.000Z</time></trkpt>
<trkpt lat="39.989446" lon="-75.198053"><ele>11.2</ele><time>2026-09-23T11:01:25.000Z</time></trkpt>
<trkpt lat="39.989550" lon="-75.197957"><ele>11.6</ele><time>2026-09-23T11:01:30.000Z</time></trkpt>
<trkpt lat="39.989728" lon="-75.197828"><ele>11.8</ele><time>2026-09-23T11:01:38.000Z</time></trkpt>
<trkpt lat="39.989869" lon="-75.197650"><ele>10.6</ele><time>2026-09-23T11:01:46.000Z</time></trkpt>
<trkpt lat="39.989886" lon="-75.197631"><ele>10.6</ele><time>2026-09-23T11:01:47.000Z</time></trkpt>
<trkpt lat="39.989908" lon="-75.197612"><ele>10.8</ele><time>2026-09-23T11:01:48.000Z</time></trkpt>
<trkpt lat="39.990042" lon="-75.197490"><ele>10.6</ele><time>2026-09-23T11:01:55.000Z</time></trkpt>
<trkpt lat="39.990182" lon="-75.197357"><ele>11.0</ele><time>2026-09-23T11:02:02.000Z</time></trkpt>
<trkpt lat="39.990330" lon="-75.197219"><ele>11.2</ele><time>2026-09-23T11:02:10.000Z</time></trkpt>
<trkpt lat="39.990490" lon="-75.197066"><ele>11.0</ele><time>2026-09-23T11:02:18.000Z</time></trkpt>
<trkpt lat="39.990529" lon="-75.197029"><ele>11.2</ele><time>2026-09-23T11:02:20.000Z</time></trkpt>
<trkpt lat="39.990693" lon="-75.196898"><ele>11.4</ele><time>2026-09-23T11:02:28.000Z</time></trkpt>
<trkpt lat="39.990716" lon="-75.196887"><ele>11.4</ele><time>2026-09-23T11:02:29.000Z</time></trkpt>
<trkpt lat="39.990836" lon="-75.196779"><ele>11.4</ele><time>2026-09-23T11:02:35.000Z</time></trkpt>
<trkpt lat="39.991012" lon="-75.196651"><ele>12.2</ele><time>2026-09-23T11:02:43.000Z</time></trkpt>
<trkpt lat="39.991034" lon="-75.196638"><ele>12.2</ele><time>2026-09-23T11:02:44.000Z</time></trkpt>
<trkpt lat="39.991206" lon="-75.196532"><ele>11.8</ele><time>2026-09-23T11:02:52.000Z</time></trkpt>
<trkpt lat="39.991262" lon="-75.196476"><ele>11.8</ele><time>2026-09-23T11:02:55.000Z</time></trkpt>
<trkpt lat="39.991390" lon="-75.196321"><ele>11.8</ele><time>2026-09-23T11:03:03.000Z</time></trkpt>
<trkpt lat="39.991468" lon="-75.196223"><ele>11.8</ele><time>2026-09-23T11:03:10.000Z</time></trkpt>
<trkpt lat="39.991593" lon="-75.196119"><ele>11.8</ele><time>2026-09-23T11:03:19.000Z</time></trkpt>
<trkpt lat="39.991716" lon="-75.195973"><ele>12.0</ele><time>2026-09-23T11:03:27.000Z</time></trkpt>
<trkpt lat="39.991807" lon="-75.195841"><ele>12.0</ele><time>2026-09-23T11:03:33.000Z</time></trkpt>
<trkpt lat="39.991886" lon="-75.195705"><ele>12.0</ele><time>2026-09-23T11:03:39.000Z</time></trkpt>
<trkpt lat="39.991999" lon="-75.195515"><ele>12.0</ele><time>2026-09-23T11:03:46.000Z</time></trkpt>
<trkpt lat="39.992037" lon="-75.195434"><ele>12.0</ele><time>2026-09-23T11:03:49.000Z</time></trkpt>
<trkpt lat="39.992073" lon="-75.195356"><ele>12.2</ele><time>2026-09-23T11:03:52.000Z</time></trkpt>
<trkpt lat="39.992177" lon="-75.195146"><ele>12.2</ele><time>2026-09-23T11:04:00.000Z</time></trkpt>
<trkpt lat="39.992294" lon="-75.194941"><ele>12.0</ele><time>2026-09-23T11:04:08.000Z</time></trkpt>
<trkpt lat="39.992306" lon="-75.194918"><ele>12.0</ele><time>2026-09-23T11:04:09.000Z</time></trkpt>
<trkpt lat="39.992424" lon="-75.194719"><ele>11.8</ele><time>2026-09-23T11:04:17.000Z</time></trkpt>
<trkpt lat="39.992439" lon="-75.194695"><ele>11.8</ele><time>2026-09-23T11:04:18.000Z</time></trkpt>
<trkpt lat="39.992551" lon="-75.194490"><ele>12.4</ele><time>2026-09-23T11:04:26.000Z</time></trkpt>
<trkpt lat="39.992592" lon="-75.194412"><ele>12.4</ele><time>2026-09-23T11:04:29.000Z</time></trkpt>
<trkpt lat="39.992677" lon="-75.194222"><ele>12.4</ele><time>2026-09-23T11:04:36.000Z</time></trkpt>
<trkpt lat="39.992781" lon="-75.194061"><ele>12.0</ele><time>2026-09-23T11:04:43.000Z</time></trkpt>
<trkpt lat="39.992901" lon="-75.193869"><ele>11.6</ele><time>2026-09-23T11:04:51.000Z</time></trkpt>
<trkpt lat="39.993038" lon="-75.193712"><ele>11.8</ele><time>2026-09-23T11:04:59.000Z</time></trkpt>
<trkpt lat="39.993053" lon="-75.193692"><ele>11.8</ele><time>2026-09-23T11:05:00.000Z</time></trkpt>
<trkpt lat="39.993192" lon="-75.193510"><ele>12.6</ele><time>2026-09-23T11:05:09.000Z</time></trkpt>
<trkpt lat="39.993206" lon="-75.193495"><ele>12.6</ele><time>2026-09-23T11:05:10.000Z</time></trkpt>
<trkpt lat="39.993294" lon="-75.193388"><ele>12.4</ele><time>2026-09-23T11:05:17.000Z</time></trkpt>
<trkpt lat="39.993396" lon="-75.193266"><ele>12.4</ele><time>2026-09-23T11:05:26.000Z</time></trkpt>
<trkpt lat="39.993479" lon="-75.193172"><ele>12.6</ele><time>2026-09-23T11:05:31.000Z</time></trkpt>
<trkpt lat="39.993620" lon="-75.193022"><ele>12.6</ele><time>2026-09-23T11:05:39.000Z</time></trkpt>
<trkpt lat="39.993639" lon="-75.193006"><ele>12.6</ele><time>2026-09-23T11:05:40.000Z</time></trkpt>
<trkpt lat="39.993773" lon="-75.192848"><ele>12.2</ele><time>2026-09-23T11:05:48.000Z</time></trkpt>
<trkpt lat="39.993833" lon="-75.192793"><ele>12.0</ele><time>2026-09-23T11:05:51.000Z</time></trkpt>
<trkpt lat="39.994002" lon="-75.192689"><ele>13.0</ele><time>2026-09-23T11:05:59.000Z</time></trkpt>
<trkpt lat="39.994025" lon="-75.192680"><ele>13.0</ele><time>2026-09-23T11:06:00.000Z</time></trkpt>
<trkpt lat="39.994190" lon="-75.192638"><ele>12.6</ele><time>2026-09-23T11:06:07.000Z</time></trkpt>
<trkpt lat="39.994381" lon="-75.192580"><ele>13.0</ele><time>2026-09-23T11:06:16.000Z</time></trkpt>
<trkpt lat="39.994503" lon="-75.192574"><ele>13.4</ele><time>2026-09-23T11:06:22.000Z</time></trkpt>
<trkpt lat="39.994532" lon="-75.192570"><ele>13.6</ele><time>2026-09-23T11:06:24.000Z</time></trkpt>
<trkpt lat="39.994551" lon="-75.192566"><ele>13.6</ele><time>2026-09-23T11:06:25.000Z</time></trkpt>
<trkpt lat="39.994686" lon="-75.192496"><ele>13.0</ele><time>2026-09-23T11:06:31.000Z</time></trkpt>
<trkpt lat="39.994822" lon="-75.192398"><ele>13.6</ele><time>2026-09-23T11:06:37.000Z</time></trkpt>
<trkpt lat="39.994905" lon="-75.192333"><ele>14.0</ele><time>2026-09-23T11:06:41.000Z</time></trkpt>
<trkpt lat="39.994943" lon="-75.192296"><ele>14.4</ele><time>2026-09-23T11:06:43.000Z</time></trkpt>
<trkpt lat="39.994966" lon="-75.192276"><ele>14.4</ele><time>2026-09-23T11:06:44.000Z</time></trkpt>
<trkpt lat="39.995103" lon="-75.192173"><ele>15.0</ele><time>2026-09-23T11:06:50.000Z</time></trkpt>
<trkpt lat="39.995223" lon="-75.192091"><ele>15.0</ele><time>2026-09-23T11:06:55.000Z</time></trkpt>
<trkpt lat="39.995302" lon="-75.192034"><ele>15.0</ele><time>2026-09-23T11:06:59.000Z</time></trkpt>
<trkpt lat="39.995435" lon="-75.191937"><ele>15.2</ele><time>2026-09-23T11:07:05.000Z</time></trkpt>
<trkpt lat="39.995475" lon="-75.191901"><ele>15.0</ele><time>2026-09-23T11:07:07.000Z</time></trkpt>
<trkpt lat="39.995624" lon="-75.191759"><ele>15.2</ele><time>2026-09-23T11:07:14.000Z</time></trkpt>
<trkpt lat="39.995710" lon="-75.191682"><ele>15.0</ele><time>2026-09-23T11:07:18.000Z</time></trkpt>
<trkpt lat="39.995891" lon="-75.191567"><ele>14.8</ele><time>2026-09-23T11:07:26.000Z</time></trkpt>
<trkpt lat="39.996075" lon="-75.191475"><ele>14.2</ele><time>2026-09-23T11:07:34.000Z</time></trkpt>
<trkpt lat="39.996127" lon="-75.191459"><ele>14.2</ele><time>2026-09-23T11:07:36.000Z</time></trkpt>
<trkpt lat="39.996259" lon="-75.191397"><ele>14.0</ele><time>2026-09-23T11:07:42.000Z</time></trkpt>
<trkpt lat="39.996446" lon="-75.191344"><ele>14.0</ele><time>2026-09-23T11:07:50.000Z</time></trkpt>
<trkpt lat="39.996496" lon="-75.191327"><ele>14.0</ele><time>2026-09-23T11:07:52.000Z</time></trkpt>
<trkpt lat="39.996669" lon="-75.191269"><ele>14.0</ele><time>2026-09-23T11:07:59.000Z</time></trkpt>
<trkpt lat="39.996780" lon="-75.191239"><ele>13.8</ele><time>2026-09-23T11:08:04.000Z</time></trkpt>
<trkpt lat="39.996925" lon="-75.191206"><ele>14.0</ele><time>2026-09-23T11:08:10.000Z</time></trkpt>
<trkpt lat="39.997102" lon="-75.191158"><ele>14.2</ele><time>2026-09-23T11:08:17.000Z</time></trkpt>
<trkpt lat="39.997124" lon="-75.191155"><ele>14.2</ele><time>2026-09-23T11:08:18.000Z</time></trkpt>
<trkpt lat="39.997271" lon="-75.191139"><ele>14.4</ele><time>2026-09-23T11:08:25.000Z</time></trkpt>
<trkpt lat="39.997468" lon="-75.191101"><ele>14.6</ele><time>2026-09-23T11:08:33.000Z</time></trkpt>
<trkpt lat="39.997663" lon="-75.191060"><ele>15.2</ele><time>2026-09-23T11:08:42.000Z</time></trkpt>
<trkpt lat="39.997855" lon="-75.191073"><ele>15.0</ele><time>2026-09-23T11:08:51.000Z</time></trkpt>
<trkpt lat="39.998000" lon="-75.191049"><ele>15.0</ele><time>2026-09-23T11:08:57.000Z</time></trkpt>
<trkpt lat="39.998188" lon="-75.190995"><ele>15.0</ele><time>2026-09-23T11:09:04.000Z</time></trkpt>
<trkpt lat="39.998216" lon="-75.190985"><ele>15.2</ele><time>2026-09-23T11:09:05.000Z</time></trkpt>
<trkpt lat="39.998365" lon="-75.190951"><ele>14.8</ele><time>2026-09-23T11:09:12.000Z</time></trkpt>
<trkpt lat="39.998464" lon="-75.190915"><ele>14.2</ele><time>2026-09-23T11:09:19.000Z</time></trkpt>
<trkpt lat="39.998499" lon="-75.190903"><ele>14.2</ele><time>2026-09-23T11:09:21.000Z</time></trkpt>
<trkpt lat="39.998593" lon="-75.190874"><ele>14.4</ele><time>2026-09-23T11:09:25.000Z</time></trkpt>
<trkpt lat="39.998766" lon="-75.190832"><ele>14.4</ele><time>2026-09-23T11:09:32.000Z</time></trkpt>
<trkpt lat="39.998946" lon="-75.190801"><ele>14.0</ele><time>2026-09-23T11:09:40.000Z</time></trkpt>
<trkpt lat="39.998968" lon="-75.190800"><ele>14.0</ele><time>2026-09-23T11:09:41.000Z</time></trkpt>
<trkpt lat="39.999164" lon="-75.190783"><ele>14.0</ele><time>2026-09-23T11:09:49.000Z</time></trkpt>
<trkpt lat="39.999213" lon="-75.190774"><ele>13.8</ele><time>2026-09-23T11:09:51.000Z</time></trkpt>
<trkpt lat="39.999395" lon="-75.190731"><ele>13.6</ele><time>2026-09-23T11:09:59.000Z</time></trkpt>
<trkpt lat="39.999444" lon="-75.190718"><ele>13.8</ele><time>2026-09-23T11:10:01.000Z</time></trkpt>
<trkpt lat="39.999571" lon="-75.190696"><ele>13.8</ele><time>2026-09-23T11:10:08.000Z</time></trkpt>
<trkpt lat="39.999698" lon="-75.190708"><ele>13.2</ele><time>2026-09-23T11:10:15.000Z</time></trkpt>
<trkpt lat="39.999772" lon="-75.190707"><ele>13.2</ele><time>2026-09-23T11:10:20.000Z</time></trkpt>
<trkpt lat="39.999834" lon="-75.190716"><ele>13.4</ele><time>2026-09-23T11:10:23.000Z</time></trkpt>
<trkpt lat="40.000012" lon="-75.190717"><ele>13.8</ele><time>2026-09-23T11:10:31.000Z</time></trkpt>
<trkpt lat="40.000197" lon="-75.190760"><ele>13.6</ele><time>2026-09-23T11:10:39.000Z</time></trkpt>
<trkpt lat="40.000387" lon="-75.190752"><ele>13.4</ele><time>2026-09-23T11:10:47.000Z</time></trkpt>
<trkpt lat="40.000414" lon="-75.190750"><ele>13.2</ele><time>2026-09-23T11:10:48.000Z</time></trkpt>
<trkpt lat="40.000594" lon="-75.190732"><ele>13.2</ele><time>2026-09-23T11:10:55.000Z</time></trkpt>
<trkpt lat="40.000649" lon="-75.190726"><ele>13.2</ele><time>2026-09-23T11:10:57.000Z</time></trkpt>
<trkpt lat="40.000839" lon="-75.190719"><ele>13.6</ele><time>2026-09-23T11:11:05.000Z</time></trkpt>
<trkpt lat="40.001034" lon="-75.190699"><ele>12.8</ele><time>2026-09-23T11:11:13.000Z</time></trkpt>
<trkpt lat="40.001060" lon="-75.190690"><ele>13.0</ele><time>2026-09-23T11:11:14.000Z</time></trkpt>
<trkpt lat="40.001256" lon="-75.190630"><ele>13.0</ele><time>2026-09-23T11:11:22.000Z</time></trkpt>
<trkpt lat="40.001443" lon="-75.190581"><ele>13.4</ele><time>2026-09-23T11:11:30.000Z</time></trkpt>
<trkpt lat="40.001466" lon="-75.190573"><ele>13.6</ele><time>2026-09-23T11:11:31.000Z</time></trkpt>
<trkpt lat="40.001648" lon="-75.190516"><ele>13.4</ele><time>2026-09-23T11:11:39.000Z</time></trkpt>
<trkpt lat="40.001673" lon="-75.190505"><ele>13.4</ele><time>2026-09-23T11:11:40.000Z</time></trkpt>
<trkpt lat="40.001852" lon="-75.190453"><ele>12.8</ele><time>2026-09-23T11:11:48.000Z</time></trkpt>
<trkpt lat="40.002042" lon="-75.190406"><ele>12.8</ele><time>2026-09-23T11:11:56.000Z</time></trkpt>
<trkpt lat="40.002247" lon="-75.190417"><ele>13.0</ele><time>2026-09-23T11:12:04.000Z</time></trkpt>
<trkpt lat="40.002270" lon="-75.190412"><ele>13.0</ele><time>2026-09-23T11:12:05.000Z</time></trkpt>
<trkpt lat="40.002453" lon="-75.190435"><ele>13.0</ele><time>2026-09-23T11:12:12.000Z</time></trkpt>
<trkpt lat="40.002501" lon="-75.190438"><ele>13.0</ele><time>2026-09-23T11:12:14.000Z</time></trkpt>
<trkpt lat="40.002692" lon="-75.190481"><ele>12.8</ele><time>2026-09-23T11:12:22.000Z</time></trkpt>
<trkpt lat="40.002736" lon="-75.190502"><ele>12.8</ele><time>2026-09-23T11:12:24.000Z</time></trkpt>
<trkpt lat="40.002915" lon="-75.190532"><ele>12.8</ele><time>2026-09-23T11:12:31.000Z</time></trkpt>
<trkpt lat="40.002990" lon="-75.190538"><ele>12.6</ele><time>2026-09-23T11:12:34.000Z</time></trkpt>
<trkpt lat="40.003154" lon="-75.190556"><ele>12.8</ele><time>2026-09-23T11:12:41.000Z</time></trkpt>
<trkpt lat="40.003342" lon="-75.190576"><ele>13.2</ele><time>2026-09-23T11:12:49.000Z</time></trkpt>
<trkpt lat="40.003411" lon="-75.190579"><ele>13.0</ele><time>2026-09-23T11:12:52.000Z</time></trkpt>
<trkpt lat="40.003570" lon="-75.190611"><ele>12.8</ele><time>2026-09-23T11:12:59.000Z</time></trkpt>
<trkpt lat="40.003755" lon="-75.190678"><ele>13.4</ele><time>2026-09-23T11:13:07.000Z</time></trkpt>
<trkpt lat="40.003778" lon="-75.190687"><ele>13.6</ele><time>2026-09-23T11:13:08.000Z</time></trkpt>
<trkpt lat="40.003951" lon="-75.190767"><ele>13.8</ele><time>2026-09-23T11:13:16.000Z</time></trkpt>
<trkpt lat="40.003974" lon="-75.190775"><ele>13.8</ele><time>2026-09-23T11:13:17.000Z</time></trkpt>
<trkpt lat="40.004142" lon="-75.190781"><ele>13.6</ele><time>2026-09-23T11:13:24.000Z</time></trkpt>
<trkpt lat="40.004346" lon="-75.190787"><ele>13.2</ele><time>2026-09-23T11:13:32.000Z</time></trkpt>
<trkpt lat="40.004372" lon="-75.190787"><ele>13.2</ele><time>2026-09-23T11:13:33.000Z</time></trkpt>
<trkpt lat="40.004560" lon="-75.190792"><ele>13.2</ele><time>2026-09-23T11:13:41.000Z</time></trkpt>
<trkpt lat="40.004578" lon="-75.190791"><ele>13.0</ele><time>2026-09-23T11:13:42.000Z</time></trkpt>
<trkpt lat="40.004752" lon="-75.190826"><ele>13.2</ele><time>2026-09-23T11:13:49.000Z</time></trkpt>
<trkpt lat="40.004939" lon="-75.190856"><ele>13.0</ele><time>2026-09-23T11:13:56.000Z</time></trkpt>
<trkpt lat="40.004988" lon="-75.190873"><ele>13.0</ele><time>2026-09-23T11:13:58.000Z</time></trkpt>
<trkpt lat="40.005152" lon="-75.190935"><ele>12.8</ele><time>2026-09-23T11:14:05.000Z</time></trkpt>
<trkpt lat="40.005340" lon="-75.191030"><ele>12.8</ele><time>2026-09-23T11:14:13.000Z</time></trkpt>
<trkpt lat="40.005458" lon="-75.191073"><ele>12.2</ele><time>2026-09-23T11:14:18.000Z</time></trkpt>
<trkpt lat="40.005576" lon="-75.191115"><ele>12.0</ele><time>2026-09-23T11:14:23.000Z</time></trkpt>
<trkpt lat="40.005765" lon="-75.191203"><ele>12.0</ele><time>2026-09-23T11:14:31.000Z</time></trkpt>
<trkpt lat="40.005811" lon="-75.191220"><ele>12.2</ele><time>2026-09-23T11:14:33.000Z</time></trkpt>
<trkpt lat="40.005985" lon="-75.191307"><ele>12.2</ele><time>2026-09-23T11:14:41.000Z</time></trkpt>
<trkpt lat="40.006005" lon="-75.191310"><ele>12.2</ele><time>2026-09-23T11:14:42.000Z</time></trkpt>
<trkpt lat="40.006157" lon="-75.191439"><ele>12.6</ele><time>2026-09-23T11:14:50.000Z</time></trkpt>
<trkpt lat="40.006265" lon="-75.191530"><ele>12.4</ele><time>2026-09-23T11:14:57.000Z</time></trkpt>
<trkpt lat="40.006344" lon="-75.191590"><ele>12.6</ele><time>2026-09-23T11:15:01.000Z</time></trkpt>
<trkpt lat="40.006391" lon="-75.191637"><ele>12.8</ele><time>2026-09-23T11:15:03.000Z</time></trkpt>
<trkpt lat="40.006509" lon="-75.191755"><ele>12.8</ele><time>2026-09-23T11:15:09.000Z</time></trkpt>
<trkpt lat="40.006612" lon="-75.191806"><ele>12.6</ele><time>2026-09-23T11:15:14.000Z</time></trkpt>
<trkpt lat="40.006737" lon="-75.191924"><ele>12.6</ele><time>2026-09-23T11:15:20.000Z</time></trkpt>
<trkpt lat="40.006873" lon="-75.192048"><ele>12.0</ele><time>2026-09-23T11:15:27.000Z</time></trkpt>
<trkpt lat="40.006906" lon="-75.192094"><ele>11.8</ele><time>2026-09-23T11:15:29.000Z</time></trkpt>
<trkpt lat="40.006993" lon="-75.192197"><ele>11.6</ele><time>2026-09-23T11:15:33.000Z</time></trkpt>
<trkpt lat="40.007052" lon="-75.192256"><ele>11.4</ele><time>2026-09-23T11:15:37.000Z</time></trkpt>
<trkpt lat="40.007144" lon="-75.192395"><ele>11.6</ele><time>2026-09-23T11:15:43.000Z</time></trkpt>
<trkpt lat="40.007173" lon="-75.192449"><ele>11.6</ele><time>2026-09-23T11:15:45.000Z</time></trkpt>
<trkpt lat="40.007226" lon="-75.192516"><ele>11.4</ele><time>2026-09-23T11:15:48.000Z</time></trkpt>
<trkpt lat="40.007323" lon="-75.192657"><ele>11.2</ele><time>2026-09-23T11:15:54.000Z</time></trkpt>
<trkpt lat="40.007354" lon="-75.192748"><ele>11.4</ele><time>2026-09-23T11:15:57.000Z</time></trkpt>
<trkpt lat="40.007388" lon="-75.192846"><ele>11.2</ele><time>2026-09-23T11:16:00.000Z</time></trkpt>
<trkpt lat="40.007513" lon="-75.193040"><ele>11.2</ele><time>2026-09-23T11:16:08.000Z</time></trkpt>
<trkpt lat="40.007536" lon="-75.193070"><ele>11.0</ele><time>2026-09-23T11:16:09.000Z</time></trkpt>
<trkpt lat="40.007637" lon="-75.193276"><ele>10.6</ele><time>2026-09-23T11:16:17.000Z</time></trkpt>
<trkpt lat="40.007738" lon="-75.193495"><ele>10.8</ele><time>2026-09-23T11:16:25.000Z</time></trkpt>
<trkpt lat="40.007840" lon="-75.193702"><ele>10.4</ele><time>2026-09-23T11:16:32.000Z</time></trkpt>
<trkpt lat="40.007897" lon="-75.193806"><ele>10.4</ele><time>2026-09-23T11:16:36.000Z</time></trkpt>
<trkpt lat="40.007995" lon="-75.194036"><ele>10.6</ele><time>2026-09-23T11:16:44.000Z</time></trkpt>
<trkpt lat="40.008003" lon="-75.194064"><ele>10.6</ele><time>2026-09-23T11:16:45.000Z</time></trkpt>
<trkpt lat="40.008020" lon="-75.194087"><ele>10.6</ele><time>2026-09-23T11:16:46.000Z</time></trkpt>
<trkpt lat="40.008076" lon="-75.194184"><ele>10.6</ele><time>2026-09-23T11:16:50.000Z</time></trkpt>
<trkpt lat="40.008140" lon="-75.194384"><ele>11.0</ele><time>2026-09-23T11:16:57.000Z</time></trkpt>
<trkpt lat="40.008155" lon="-75.194408"><ele>11.2</ele><time>2026-09-23T11:16:58.000Z</time></trkpt>
<trkpt lat="40.008191" lon="-75.194488"><ele>11.4</ele><time>2026-09-23T11:17:01.000Z</time></trkpt>
<trkpt lat="40.008260" lon="-75.194668"><ele>11.4</ele><time>2026-09-23T11:17:09.000Z</time></trkpt>
<trkpt lat="40.008304" lon="-75.194775"><ele>11.2</ele><time>2026-09-23T11:17:14.000Z</time></trkpt>
<trkpt lat="40.008356" lon="-75.194902"><ele>11.4</ele><time>2026-09-23T11:17:19.000Z</time></trkpt>
<trkpt lat="40.008445" lon="-75.195135"><ele>11.4</ele><time>2026-09-23T11:17:27.000Z</time></trkpt>
<trkpt lat="40.008525" lon="-75.195364"><ele>11.0</ele><time>2026-09-23T11:17:35.000Z</time></trkpt>
<trkpt lat="40.008529" lon="-75.195397"><ele>11.2</ele><time>2026-09-23T11:17:36.000Z</time></trkpt>
<trkpt lat="40.008607" lon="-75.195630"><ele>11.4</ele><time>2026-09-23T11:17:44.000Z</time></trkpt>
<trkpt lat="40.008625" lon="-75.195698"><ele>11.4</ele><time>2026-09-23T11:17:46.000Z</time></trkpt>
<trkpt lat="40.008698" lon="-75.195921"><ele>11.6</ele><time>2026-09-23T11:17:54.000Z</time></trkpt>
<trkpt lat="40.008709" lon="-75.195941"><ele>11.6</ele><time>2026-09-23T11:17:55.000Z</time></trkpt>
<trkpt lat="40.008751" lon="-75.196035"><ele>12.2</ele><time>2026-09-23T11:17:59.000Z</time></trkpt>
<trkpt lat="40.008806" lon="-75.196148"><ele>12.6</ele><time>2026-09-23T11:18:04.000Z</time></trkpt>
<trkpt lat="40.008835" lon="-75.196217"><ele>13.2</ele><time>2026-09-23T11:18:07.000Z</time></trkpt>
<trkpt lat="40.008897" lon="-75.196344"><ele>13.6</ele><time>2026-09-23T11:18:12.000Z</time></trkpt>
<trkpt lat="40.008932" lon="-75.196435"><ele>14.4</ele><time>2026-09-23T11:18:16.000Z</time></trkpt>
<trkpt lat="40.008971" lon="-75.196569"><ele>14.8</ele><time>2026-09-23T11:18:20.000Z</time></trkpt>
<trkpt lat="40.009060" lon="-75.196788"><ele>15.0</ele><time>2026-09-23T11:18:28.000Z</time></trkpt>
<trkpt lat="40.009061" lon="-75.196845"><ele>15.2</ele><time>2026-09-23T11:18:30.000Z</time></trkpt>
<trkpt lat="40.009065" lon="-75.196872"><ele>15.4</ele><time>2026-09-23T11:18:31.000Z</time></trkpt>
<trkpt lat="40.009038" lon="-75.196943"><ele>16.0</ele><time>2026-09-23T11:18:35.000Z</time></trkpt>
<trkpt lat="40.008961" lon="-75.197006"><ele>16.0</ele><time>2026-09-23T11:18:40.000Z</time></trkpt>
<trkpt lat="40.008909" lon="-75.197048"><ele>16.2</ele><time>2026-09-23T11:18:44.000Z</time></trkpt>
<trkpt lat="40.008879" lon="-75.197069"><ele>16.4</ele><time>2026-09-23T11:18:46.000Z</time></trkpt>
<trkpt lat="40.008869" lon="-75.197076"><ele>16.4</ele><time>2026-09-23T11:18:47.000Z</time></trkpt>
<trkpt lat="40.008758" lon="-75.197128"><ele>16.6</ele><time>2026-09-23T11:18:53.000Z</time></trkpt>
<trkpt lat="40.008754" lon="-75.197134"><ele>16.8</ele><time>2026-09-23T11:18:54.000Z</time></trkpt>
<trkpt lat="40.008695" lon="-75.197183"><ele>16.8</ele><time>2026-09-23T11:18:58.000Z</time></trkpt>
<trkpt lat="40.008568" lon="-75.197266"><ele>17.2</ele><time>2026-09-23T11:19:04.000Z</time></trkpt>
<trkpt lat="40.008509" lon="-75.197299"><ele>17.2</ele><time>2026-09-23T11:19:06.000Z</time></trkpt>
<trkpt lat="40.008383" lon="-75.197373"><ele>17.4</ele><time>2026-09-23T11:19:11.000Z</time></trkpt>
<trkpt lat="40.008341" lon="-75.197397"><ele>17.4</ele><time>2026-09-23T11:19:13.000Z</time></trkpt>
<trkpt lat="40.008163" lon="-75.197520"><ele>17.8</ele><time>2026-09-23T11:19:20.000Z</time></trkpt>
<trkpt lat="40.007996" lon="-75.197617"><ele>17.8</ele><time>2026-09-23T11:19:29.000Z</time></trkpt>
<trkpt lat="40.007913" lon="-75.197664"><ele>17.8</ele><time>2026-09-23T11:19:35.000Z</time></trkpt>
<trkpt lat="40.007769" lon="-75.197706"><ele>18.2</ele><time>2026-09-23T11:19:43.000Z</time></trkpt>
<trkpt lat="40.007749" lon="-75.197708"><ele>18.2</ele><time>2026-09-23T11:19:44.000Z</time></trkpt>
<trkpt lat="40.007606" lon="-75.197693"><ele>18.0</ele><time>2026-09-23T11:19:51.000Z</time></trkpt>
<trkpt lat="40.007558" lon="-75.197636"><ele>18.0</ele><time>2026-09-23T11:19:54.000Z</time></trkpt>
<trkpt lat="40.007535" lon="-75.197588"><ele>18.0</ele><time>2026-09-23T11:19:56.000Z</time></trkpt>
<trkpt lat="40.007444" lon="-75.197380"><ele>16.4</ele><time>2026-09-23T11:20:03.000Z</time></trkpt>
<trkpt lat="40.007430" lon="-75.197349"><ele>16.4</ele><time>2026-09-23T11:20:04.000Z</time></trkpt>
<trkpt lat="40.007393" lon="-75.197113"><ele>15.6</ele><time>2026-09-23T11:20:12.000Z</time></trkpt>
<trkpt lat="40.007376" lon="-75.197048"><ele>15.2</ele><time>2026-09-23T11:20:14.000Z</time></trkpt>
<trkpt lat="40.007341" lon="-75.196913"><ele>15.0</ele><time>2026-09-23T11:20:19.000Z</time></trkpt>
<trkpt lat="40.007303" lon="-75.196670"><ele>14.4</ele><time>2026-09-23T11:20:27.000Z</time></trkpt>
<trkpt lat="40.007285" lon="-75.196595"><ele>14.2</ele><time>2026-09-23T11:20:29.000Z</time></trkpt>
<trkpt lat="40.007255" lon="-75.196453"><ele>13.2</ele><time>2026-09-23T11:20:33.000Z</time></trkpt>
<trkpt lat="40.007202" lon="-75.196222"><ele>12.2</ele><time>2026-09-23T11:20:40.000Z</time></trkpt>
<trkpt lat="40.007195" lon="-75.196190"><ele>12.2</ele><time>2026-09-23T11:20:41.000Z</time></trkpt>
<trkpt lat="40.007181" lon="-75.196127"><ele>11.8</ele><time>2026-09-23T11:20:43.000Z</time></trkpt>
<trkpt lat="40.007145" lon="-75.195877"><ele>11.6</ele><time>2026-09-23T11:20:51.000Z</time></trkpt>
<trkpt lat="40.007102" lon="-75.195712"><ele>11.4</ele><time>2026-09-23T11:20:56.000Z</time></trkpt>
<trkpt lat="40.007064" lon="-75.195470"><ele>11.8</ele><time>2026-09-23T11:21:04.000Z</time></trkpt>
<trkpt lat="40.007017" lon="-75.195263"><ele>12.4</ele><time>2026-09-23T11:21:11.000Z</time></trkpt>
<trkpt lat="40.006977" lon="-75.195011"><ele>12.6</ele><time>2026-09-23T11:21:19.000Z</time></trkpt>
<trkpt lat="40.006970" lon="-75.194939"><ele>12.6</ele><time>2026-09-23T11:21:21.000Z</time></trkpt>
<trkpt lat="40.006921" lon="-75.194690"><ele>12.6</ele><time>2026-09-23T11:21:28.000Z</time></trkpt>
<trkpt lat="40.006894" lon="-75.194584"><ele>12.8</ele><time>2026-09-23T11:21:31.000Z</time></trkpt>
<trkpt lat="40.006825" lon="-75.194369"><ele>12.2</ele><time>2026-09-23T11:21:38.000Z</time></trkpt>
<trkpt lat="40.006766" lon="-75.194120"><ele>12.0</ele><time>2026-09-23T11:21:46.000Z</time></trkpt>
<trkpt lat="40.006763" lon="-75.194091"><ele>12.0</ele><time>2026-09-23T11:21:47.000Z</time></trkpt>
<trkpt lat="40.006688" lon="-75.193857"><ele>11.8</ele><time>2026-09-23T11:21:55.000Z</time></trkpt>
<trkpt lat="40.006673" lon="-75.193825"><ele>11.8</ele><time>2026-09-23T11:21:56.000Z</time></trkpt>
<trkpt lat="40.006569" lon="-75.193621"><ele>12.4</ele><time>2026-09-23T11:22:03.000Z</time></trkpt>
<trkpt lat="40.006543" lon="-75.193583"><ele>12.4</ele><time>2026-09-23T11:22:04.000Z</time></trkpt>
<trkpt lat="40.006438" lon="-75.193429"><ele>13.2</ele><time>2026-09-23T11:22:11.000Z</time></trkpt>
<trkpt lat="40.006357" lon="-75.193407"><ele>13.2</ele><time>2026-09-23T11:22:14.000Z</time></trkpt>
<trkpt lat="40.006310" lon="-75.193370"><ele>13.4</ele><time>2026-09-23T11:22:17.000Z</time></trkpt>
<trkpt lat="40.006296" lon="-75.193371"><ele>13.4</ele><time>2026-09-23T11:22:18.000Z</time></trkpt>
<trkpt lat="40.006224" lon="-75.193368"><ele>13.0</ele><time>2026-09-23T11:22:22.000Z</time></trkpt>
<trkpt lat="40.006195" lon="-75.193362"><ele>13.0</ele><time>2026-09-23T11:22:23.000Z</time></trkpt>
<trkpt lat="40.006080" lon="-75.193285"><ele>13.0</ele><time>2026-09-23T11:22:28.000Z</time></trkpt>
<trkpt lat="40.005891" lon="-75.193177"><ele>12.6</ele><time>2026-09-23T11:22:35.000Z</time></trkpt>
<trkpt lat="40.005860" lon="-75.193156"><ele>12.4</ele><time>2026-09-23T11:22:36.000Z</time></trkpt>
<trkpt lat="40.005676" lon="-75.193058"><ele>12.4</ele><time>2026-09-23T11:22:42.000Z</time></trkpt>
<trkpt lat="40.005571" lon="-75.193014"><ele>12.2</ele><time>2026-09-23T11:22:46.000Z</time></trkpt>
<trkpt lat="40.005484" lon="-75.192976"><ele>12.2</ele><time>2026-09-23T11:22:49.000Z</time></trkpt>
<trkpt lat="40.005392" lon="-75.192950"><ele>12.0</ele><time>2026-09-23T11:22:53.000Z</time></trkpt>
<trkpt lat="40.005235" lon="-75.192897"><ele>12.0</ele><time>2026-09-23T11:22:59.000Z</time></trkpt>
<trkpt lat="40.005181" lon="-75.192853"><ele>12.0</ele><time>2026-09-23T11:23:01.000Z</time></trkpt>
<trkpt lat="40.005093" lon="-75.192754"><ele>12.0</ele><time>2026-09-23T11:23:05.000Z</time></trkpt>
<trkpt lat="40.005040" lon="-75.192730"><ele>12.0</ele><time>2026-09-23T11:23:07.000Z</time></trkpt>
<trkpt lat="40.004851" lon="-75.192707"><ele>11.8</ele><time>2026-09-23T11:23:14.000Z</time></trkpt>
<trkpt lat="40.004826" lon="-75.192695"><ele>11.8</ele><time>2026-09-23T11:23:15.000Z</time></trkpt>
<trkpt lat="40.004650" lon="-75.192627"><ele>11.8</ele><time>2026-09-23T11:23:22.000Z</time></trkpt>
<trkpt lat="40.004632" lon="-75.192623"><ele>11.8</ele><time>2026-09-23T11:23:23.000Z</time></trkpt>
<trkpt lat="40.004431" lon="-75.192552"><ele>11.6</ele><time>2026-09-23T11:23:31.000Z</time></trkpt>
<trkpt lat="40.004404" lon="-75.192540"><ele>11.6</ele><time>2026-09-23T11:23:32.000Z</time></trkpt>
<trkpt lat="40.004206" lon="-75.192453"><ele>11.8</ele><time>2026-09-23T11:23:40.000Z</time></trkpt>
<trkpt lat="40.004127" lon="-75.192449"><ele>11.8</ele><time>2026-09-23T11:23:43.000Z</time></trkpt>
<trkpt lat="40.003924" lon="-75.192431"><ele>11.8</ele><time>2026-09-23T11:23:51.000Z</time></trkpt>
<trkpt lat="40.003897" lon="-75.192433"><ele>11.8</ele><time>2026-09-23T11:23:52.000Z</time></trkpt>
<trkpt lat="40.003700" lon="-75.192404"><ele>12.4</ele><time>2026-09-23T11:24:00.000Z</time></trkpt>
<trkpt lat="40.003650" lon="-75.192398"><ele>12.4</ele><time>2026-09-23T11:24:02.000Z</time></trkpt>
<trkpt lat="40.003447" lon="-75.192366"><ele>12.2</ele><time>2026-09-23T11:24:10.000Z</time></trkpt>
<trkpt lat="40.003390" lon="-75.192358"><ele>12.4</ele><time>2026-09-23T11:24:12.000Z</time></trkpt>
<trkpt lat="40.003241" lon="-75.192391"><ele>12.6</ele><time>2026-09-23T11:24:18.000Z</time></trkpt>
<trkpt lat="40.003041" lon="-75.192414"><ele>12.6</ele><time>2026-09-23T11:24:26.000Z</time></trkpt>
<trkpt lat="40.002992" lon="-75.192420"><ele>12.6</ele><time>2026-09-23T11:24:28.000Z</time></trkpt>
<trkpt lat="40.002792" lon="-75.192401"><ele>12.8</ele><time>2026-09-23T11:24:36.000Z</time></trkpt>
<trkpt lat="40.002758" lon="-75.192380"><ele>12.8</ele><time>2026-09-23T11:24:37.000Z</time></trkpt>
<trkpt lat="40.002604" lon="-75.192371"><ele>12.6</ele><time>2026-09-23T11:24:44.000Z</time></trkpt>
<trkpt lat="40.002409" lon="-75.192404"><ele>12.6</ele><time>2026-09-23T11:24:52.000Z</time></trkpt>
<trkpt lat="40.002339" lon="-75.192392"><ele>12.4</ele><time>2026-09-23T11:24:55.000Z</time></trkpt>
<trkpt lat="40.002134" lon="-75.192360"><ele>12.4</ele><time>2026-09-23T11:25:03.000Z</time></trkpt>
<trkpt lat="40.002077" lon="-75.192350"><ele>12.2</ele><time>2026-09-23T11:25:05.000Z</time></trkpt>
<trkpt lat="40.001894" lon="-75.192362"><ele>12.0</ele><time>2026-09-23T11:25:12.000Z</time></trkpt>
<trkpt lat="40.001703" lon="-75.192376"><ele>11.8</ele><time>2026-09-23T11:25:20.000Z</time></trkpt>
<trkpt lat="40.001507" lon="-75.192357"><ele>11.8</ele><time>2026-09-23T11:25:28.000Z</time></trkpt>
<trkpt lat="40.001454" lon="-75.192342"><ele>11.8</ele><time>2026-09-23T11:25:30.000Z</time></trkpt>
<trkpt lat="40.001377" lon="-75.192340"><ele>11.8</ele><time>2026-09-23T11:25:33.000Z</time></trkpt>
<trkpt lat="40.001233" lon="-75.192381"><ele>11.8</ele><time>2026-09-23T11:25:39.000Z</time></trkpt>
<trkpt lat="40.001055" lon="-75.192422"><ele>12.0</ele><time>2026-09-23T11:25:46.000Z</time></trkpt>
<trkpt lat="40.001031" lon="-75.192440"><ele>12.0</ele><time>2026-09-23T11:25:47.000Z</time></trkpt>
<trkpt lat="40.000836" lon="-75.192527"><ele>12.2</ele><time>2026-09-23T11:25:54.000Z</time></trkpt>
<trkpt lat="40.000784" lon="-75.192545"><ele>12.2</ele><time>2026-09-23T11:25:56.000Z</time></trkpt>
<trkpt lat="40.000604" lon="-75.192612"><ele>12.2</ele><time>2026-09-23T11:26:03.000Z</time></trkpt>
<trkpt lat="40.000537" lon="-75.192626"><ele>12.2</ele><time>2026-09-23T11:26:06.000Z</time></trkpt>
<trkpt lat="40.000403" lon="-75.192707"><ele>11.8</ele><time>2026-09-23T11:26:13.000Z</time></trkpt>
<trkpt lat="40.000226" lon="-75.192809"><ele>12.2</ele><time>2026-09-23T11:26:21.000Z</time></trkpt>
<trkpt lat="40.000041" lon="-75.192941"><ele>12.2</ele><time>2026-09-23T11:26:29.000Z</time></trkpt>
<trkpt lat="39.999987" lon="-75.192954"><ele>12.2</ele><time>2026-09-23T11:26:31.000Z</time></trkpt>
<trkpt lat="39.999828" lon="-75.192984"><ele>12.4</ele><time>2026-09-23T11:26:37.000Z</time></trkpt>
<trkpt lat="39.999693" lon="-75.192973"><ele>12.6</ele><time>2026-09-23T11:26:44.000Z</time></trkpt>
<trkpt lat="39.999514" lon="-75.193049"><ele>12.4</ele><time>2026-09-23T11:26:50.000Z</time></trkpt>
<trkpt lat="39.999327" lon="-75.193106"><ele>12.6</ele><time>2026-09-23T11:26:58.000Z</time></trkpt>
<trkpt lat="39.999306" lon="-75.193110"><ele>12.6</ele><time>2026-09-23T11:26:59.000Z</time></trkpt>
<trkpt lat="39.999112" lon="-75.193212"><ele>12.6</ele><time>2026-09-23T11:27:07.000Z</time></trkpt>
<trkpt lat="39.998917" lon="-75.193288"><ele>12.4</ele><time>2026-09-23T11:27:16.000Z</time></trkpt>
<trkpt lat="39.998864" lon="-75.193315"><ele>12.4</ele><time>2026-09-23T11:27:18.000Z</time></trkpt>
<trkpt lat="39.998673" lon="-75.193407"><ele>12.2</ele><time>2026-09-23T11:27:26.000Z</time></trkpt>
<trkpt lat="39.998584" lon="-75.193438"><ele>12.2</ele><time>2026-09-23T11:27:30.000Z</time></trkpt>
<trkpt lat="39.998417" lon="-75.193508"><ele>12.2</ele><time>2026-09-23T11:27:37.000Z</time></trkpt>
<trkpt lat="39.998266" lon="-75.193589"><ele>11.8</ele><time>2026-09-23T11:27:44.000Z</time></trkpt>
<trkpt lat="39.998080" lon="-75.193685"><ele>11.6</ele><time>2026-09-23T11:27:52.000Z</time></trkpt>
<trkpt lat="39.998039" lon="-75.193702"><ele>11.6</ele><time>2026-09-23T11:27:54.000Z</time></trkpt>
<trkpt lat="39.997861" lon="-75.193807"><ele>12.0</ele><time>2026-09-23T11:28:02.000Z</time></trkpt>
<trkpt lat="39.997745" lon="-75.193884"><ele>12.0</ele><time>2026-09-23T11:28:08.000Z</time></trkpt>
<trkpt lat="39.997581" lon="-75.194003"><ele>12.0</ele><time>2026-09-23T11:28:16.000Z</time></trkpt>
<trkpt lat="39.997559" lon="-75.194025"><ele>12.0</ele><time>2026-09-23T11:28:17.000Z</time></trkpt>
<trkpt lat="39.997354" lon="-75.194119"><ele>12.4</ele><time>2026-09-23T11:28:25.000Z</time></trkpt>
<trkpt lat="39.997306" lon="-75.194136"><ele>12.4</ele><time>2026-09-23T11:28:27.000Z</time></trkpt>
<trkpt lat="39.997136" lon="-75.194289"><ele>13.0</ele><time>2026-09-23T11:28:35.000Z</time></trkpt>
<trkpt lat="39.997111" lon="-75.194332"><ele>13.0</ele><time>2026-09-23T11:28:37.000Z</time></trkpt>
<trkpt lat="39.996995" lon="-75.194463"><ele>13.2</ele><time>2026-09-23T11:28:43.000Z</time></trkpt>
<trkpt lat="39.996959" lon="-75.194505"><ele>13.2</ele><time>2026-09-23T11:28:45.000Z</time></trkpt>
<trkpt lat="39.996808" lon="-75.194659"><ele>13.6</ele><time>2026-09-23T11:28:53.000Z</time></trkpt>
<trkpt lat="39.996784" lon="-75.194675"><ele>13.8</ele><time>2026-09-23T11:28:54.000Z</time></trkpt>
<trkpt lat="39.996628" lon="-75.194815"><ele>14.2</ele><time>2026-09-23T11:29:02.000Z</time></trkpt>
<trkpt lat="39.996609" lon="-75.194837"><ele>14.2</ele><time>2026-09-23T11:29:03.000Z</time></trkpt>
<trkpt lat="39.996470" lon="-75.194943"><ele>14.4</ele><time>2026-09-23T11:29:09.000Z</time></trkpt>
<trkpt lat="39.996341" lon="-75.195025"><ele>14.6</ele><time>2026-09-23T11:29:15.000Z</time></trkpt>
<trkpt lat="39.996214" lon="-75.195104"><ele>15.0</ele><time>2026-09-23T11:29:21.000Z</time></trkpt>
<trkpt lat="39.996116" lon="-75.195159"><ele>15.2</ele><time>2026-09-23T11:29:26.000Z</time></trkpt>
<trkpt lat="39.995970" lon="-75.195213"><ele>15.0</ele><time>2026-09-23T11:29:34.000Z</time></trkpt>
<trkpt lat="39.995862" lon="-75.195293"><ele>14.6</ele><time>2026-09-23T11:29:40.000Z</time></trkpt>
<trkpt lat="39.995705" lon="-75.195375"><ele>14.6</ele><time>2026-09-23T11:29:47.000Z</time></trkpt>
<trkpt lat="39.995563" lon="-75.195488"><ele>14.6</ele><time>2026-09-23T11:29:52.000Z</time></trkpt>
<trkpt lat="39.995412" lon="-75.195646"><ele>14.2</ele><time>2026-09-23T11:29:59.000Z</time></trkpt>
<trkpt lat="39.995261" lon="-75.195735"><ele>13.8</ele><time>2026-09-23T11:30:05.000Z</time></trkpt>
<trkpt lat="39.995093" lon="-75.195845"><ele>13.8</ele><time>2026-09-23T11:30:11.000Z</time></trkpt>
<trkpt lat="39.995055" lon="-75.195894"><ele>13.8</ele><time>2026-09-23T11:30:13.000Z</time></trkpt>
<trkpt lat="39.994955" lon="-75.196007"><ele>13.6</ele><time>2026-09-23T11:30:18.000Z</time></trkpt>
<trkpt lat="39.994936" lon="-75.196031"><ele>13.6</ele><time>2026-09-23T11:30:19.000Z</time></trkpt>
<trkpt lat="39.994769" lon="-75.196165"><ele>13.4</ele><time>2026-09-23T11:30:27.000Z</time></trkpt>
<trkpt lat="39.994630" lon="-75.196306"><ele>13.2</ele><time>2026-09-23T11:30:34.000Z</time></trkpt>
<trkpt lat="39.994575" lon="-75.196371"><ele>13.0</ele><time>2026-09-23T11:30:37.000Z</time></trkpt>
<trkpt lat="39.994429" lon="-75.196513"><ele>12.0</ele><time>2026-09-23T11:30:44.000Z</time></trkpt>
<trkpt lat="39.994366" lon="-75.196583"><ele>12.0</ele><time>2026-09-23T11:30:47.000Z</time></trkpt>
<trkpt lat="39.994217" lon="-75.196717"><ele>11.6</ele><time>2026-09-23T11:30:54.000Z</time></trkpt>
<trkpt lat="39.994194" lon="-75.196732"><ele>11.6</ele><time>2026-09-23T11:30:55.000Z</time></trkpt>
<trkpt lat="39.994040" lon="-75.196892"><ele>11.4</ele><time>2026-09-23T11:31:03.000Z</time></trkpt>
<trkpt lat="39.994008" lon="-75.196934"><ele>11.6</ele><time>2026-09-23T11:31:05.000Z</time></trkpt>
<trkpt lat="39.993861" lon="-75.197106"><ele>11.6</ele><time>2026-09-23T11:31:13.000Z</time></trkpt>
<trkpt lat="39.993808" lon="-75.197163"><ele>11.6</ele><time>2026-09-23T11:31:16.000Z</time></trkpt>
<trkpt lat="39.993649" lon="-75.197321"><ele>11.4</ele><time>2026-09-23T11:31:24.000Z</time></trkpt>
<trkpt lat="39.993591" lon="-75.197389"><ele>11.2</ele><time>2026-09-23T11:31:27.000Z</time></trkpt>
<trkpt lat="39.993456" lon="-75.197545"><ele>11.0</ele><time>2026-09-23T11:31:34.000Z</time></trkpt>
<trkpt lat="39.993437" lon="-75.197569"><ele>11.0</ele><time>2026-09-23T11:31:35.000Z</time></trkpt>
<trkpt lat="39.993416" lon="-75.197588"><ele>11.0</ele><time>2026-09-23T11:31:36.000Z</time></trkpt>
<trkpt lat="39.993321" lon="-75.197699"><ele>11.0</ele><time>2026-09-23T11:31:41.000Z</time></trkpt>
<trkpt lat="39.993210" lon="-75.197816"><ele>10.8</ele><time>2026-09-23T11:31:47.000Z</time></trkpt>
<trkpt lat="39.993054" lon="-75.197972"><ele>10.8</ele><time>2026-09-23T11:31:55.000Z</time></trkpt>
<trkpt lat="39.992897" lon="-75.198131"><ele>10.8</ele><time>2026-09-23T11:32:03.000Z</time></trkpt>
<trkpt lat="39.992734" lon="-75.198291"><ele>10.6</ele><time>2026-09-23T11:32:11.000Z</time></trkpt>
<trkpt lat="39.992706" lon="-75.198302"><ele>10.6</ele><time>2026-09-23T11:32:12.000Z</time></trkpt>
<trkpt lat="39.992515" lon="-75.198381"><ele>10.6</ele><time>2026-09-23T11:32:20.000Z</time></trkpt>
<trkpt lat="39.992438" lon="-75.198451"><ele>10.6</ele><time>2026-09-23T11:32:24.000Z</time></trkpt>
<trkpt lat="39.992290" lon="-75.198597"><ele>10.8</ele><time>2026-09-23T11:32:31.000Z</time></trkpt>
<trkpt lat="39.992134" lon="-75.198762"><ele>11.0</ele><time>2026-09-23T11:32:39.000Z</time></trkpt>
<trkpt lat="39.992079" lon="-75.198829"><ele>11.0</ele><time>2026-09-23T11:32:42.000Z</time></trkpt>
<trkpt lat="39.991945" lon="-75.198987"><ele>10.6</ele><time>2026-09-23T11:32:49.000Z</time></trkpt>
<trkpt lat="39.991864" lon="-75.199096"><ele>10.6</ele><time>2026-09-23T11:32:54.000Z</time></trkpt>
<trkpt lat="39.991760" lon="-75.199288"><ele>10.6</ele><time>2026-09-23T11:33:01.000Z</time></trkpt>
<trkpt lat="39.991752" lon="-75.199322"><ele>10.8</ele><time>2026-09-23T11:33:02.000Z</time></trkpt>
<trkpt lat="39.991709" lon="-75.199555"><ele>10.6</ele><time>2026-09-23T11:33:09.000Z</time></trkpt>
<trkpt lat="39.991687" lon="-75.199651"><ele>10.4</ele><time>2026-09-23T11:33:12.000Z</time></trkpt>
<trkpt lat="39.991590" lon="-75.199878"><ele>10.6</ele><time>2026-09-23T11:33:20.000Z</time></trkpt>
<trkpt lat="39.991575" lon="-75.199905"><ele>10.6</ele><time>2026-09-23T11:33:21.000Z</time></trkpt>
<trkpt lat="39.991437" lon="-75.200088"><ele>10.8</ele><time>2026-09-23T11:33:29.000Z</time></trkpt>
<trkpt lat="39.991416" lon="-75.200105"><ele>10.8</ele><time>2026-09-23T11:33:30.000Z</time></trkpt>
<trkpt lat="39.991399" lon="-75.200129"><ele>11.0</ele><time>2026-09-23T11:33:31.000Z</time></trkpt>
<trkpt lat="39.991290" lon="-75.200294"><ele>11.0</ele><time>2026-09-23T11:33:38.000Z</time></trkpt>
<trkpt lat="39.991215" lon="-75.200382"><ele>11.0</ele><time>2026-09-23T11:33:42.000Z</time></trkpt>
<trkpt lat="39.991136" lon="-75.200495"><ele>11.0</ele><time>2026-09-23T11:33:47.000Z</time></trkpt>
<trkpt lat="39.991039" lon="-75.200642"><ele>11.0</ele><time>2026-09-23T11:33:53.000Z</time></trkpt>
<trkpt lat="39.990945" lon="-75.200745"><ele>11.2</ele><time>2026-09-23T11:33:58.000Z</time></trkpt>
<trkpt lat="39.990900" lon="-75.200775"><ele>11.2</ele><time>2026-09-23T11:34:00.000Z</time></trkpt>
<trkpt lat="39.990798" lon="-75.200867"><ele>11.2</ele><time>2026-09-23T11:34:05.000Z</time></trkpt>
<trkpt lat="39.990737" lon="-75.201077"><ele>11.2</ele><time>2026-09-23T11:34:12.000Z</time></trkpt>
<trkpt lat="39.990639" lon="-75.201254"><ele>11.4</ele><time>2026-09-23T11:34:19.000Z</time></trkpt>
<trkpt lat="39.990524" lon="-75.201399"><ele>11.4</ele><time>2026-09-23T11:34:25.000Z</time></trkpt>
<trkpt lat="39.990414" lon="-75.201533"><ele>11.2</ele><time>2026-09-23T11:34:31.000Z</time></trkpt>
<trkpt lat="39.990333" lon="-75.201634"><ele>11.4</ele><time>2026-09-23T11:34:36.000Z</time></trkpt>
<trkpt lat="39.990232" lon="-75.201728"><ele>11.4</ele><time>2026-09-23T11:34:41.000Z</time></trkpt>
<trkpt lat="39.990046" lon="-75.201821"><ele>11.0</ele><time>2026-09-23T11:34:49.000Z</time></trkpt>
<trkpt lat="39.989931" lon="-75.201879"><ele>10.8</ele><time>2026-09-23T11:34:54.000Z</time></trkpt>
<trkpt lat="39.989819" lon="-75.201972"><ele>10.4</ele><time>2026-09-23T11:34:59.000Z</time></trkpt>
<trkpt lat="39.989792" lon="-75.201991"><ele>10.4</ele><time>2026-09-23T11:35:00.000Z</time></trkpt>
<trkpt lat="39.989628" lon="-75.202073"><ele>10.4</ele><time>2026-09-23T11:35:07.000Z</time></trkpt>
<trkpt lat="39.989477" lon="-75.202200"><ele>10.4</ele><time>2026-09-23T11:35:14.000Z</time></trkpt>
<trkpt lat="39.989451" lon="-75.202219"><ele>10.4</ele><time>2026-09-23T11:35:15.000Z</time></trkpt>
<trkpt lat="39.989299" lon="-75.202357"><ele>10.2</ele><time>2026-09-23T11:35:22.000Z</time></trkpt>
<trkpt lat="39.989144" lon="-75.202487"><ele>10.2</ele><time>2026-09-23T11:35:29.000Z</time></trkpt>
<trkpt lat="39.989108" lon="-75.202520"><ele>10.2</ele><time>2026-09-23T11:35:31.000Z</time></trkpt>
<trkpt lat="39.988966" lon="-75.202651"><ele>10.4</ele><time>2026-09-23T11:35:38.000Z</time></trkpt>
<trkpt lat="39.988806" lon="-75.202821"><ele>10.4</ele><time>2026-09-23T11:35:46.000Z</time></trkpt>
<trkpt lat="39.988688" lon="-75.202945"><ele>10.4</ele><time>2026-09-23T11:35:52.000Z</time></trkpt>
<trkpt lat="39.988563" lon="-75.203120"><ele>10.6</ele><time>2026-09-23T11:35:59.000Z</time></trkpt>
<trkpt lat="39.988545" lon="-75.203142"><ele>10.4</ele><time>2026-09-23T11:36:00.000Z</time></trkpt>
<trkpt lat="39.988411" lon="-75.203301"><ele>10.6</ele><time>2026-09-23T11:36:07.000Z</time></trkpt>
<trkpt lat="39.988395" lon="-75.203315"><ele>10.6</ele><time>2026-09-23T11:36:08.000Z</time></trkpt>
<trkpt lat="39.988374" lon="-75.203333"><ele>10.4</ele><time>2026-09-23T11:36:09.000Z</time></trkpt>
<trkpt lat="39.988348" lon="-75.203355"><ele>10.4</ele><time>2026-09-23T11:36:10.000Z</time></trkpt>
<trkpt lat="39.988230" lon="-75.203474"><ele>10.4</ele><time>2026-09-23T11:36:16.000Z</time></trkpt>
<trkpt lat="39.988147" lon="-75.203531"><ele>10.4</ele><time>2026-09-23T11:36:20.000Z</time></trkpt>
<trkpt lat="39.988100" lon="-75.203569"><ele>10.6</ele><time>2026-09-23T11:36:22.000Z</time></trkpt>
<trkpt lat="39.988020" lon="-75.203643"><ele>10.4</ele><time>2026-09-23T11:36:26.000Z</time></trkpt>
<trkpt lat="39.987867" lon="-75.203790"><ele>10.4</ele><time>2026-09-23T11:36:34.000Z</time></trkpt>
<trkpt lat="39.987831" lon="-75.203827"><ele>10.6</ele><time>2026-09-23T11:36:36.000Z</time></trkpt>
<trkpt lat="39.987674" lon="-75.203961"><ele>10.8</ele><time>2026-09-23T11:36:44.000Z</time></trkpt>
<trkpt lat="39.987530" lon="-75.204079"><ele>10.8</ele><time>2026-09-23T11:36:51.000Z</time></trkpt>
<trkpt lat="39.987405" lon="-75.204179"><ele>10.6</ele><time>2026-09-23T11:36:57.000Z</time></trkpt>
<trkpt lat="39.987223" lon="-75.204290"><ele>10.4</ele><time>2026-09-23T11:37:05.000Z</time></trkpt>
<trkpt lat="39.987178" lon="-75.204317"><ele>10.4</ele><time>2026-09-23T11:37:07.000Z</time></trkpt>
<trkpt lat="39.987004" lon="-75.204432"><ele>10.4</ele><time>2026-09-23T11:37:15.000Z</time></trkpt>
<trkpt lat="39.986826" lon="-75.204535"><ele>10.6</ele><time>2026-09-23T11:37:23.000Z</time></trkpt>
<trkpt lat="39.986802" lon="-75.204549"><ele>10.4</ele><time>2026-09-23T11:37:24.000Z</time></trkpt>
<trkpt lat="39.986675" lon="-75.204640"><ele>10.0</ele><time>2026-09-23T11:37:31.000Z</time></trkpt>
<trkpt lat="39.986628" lon="-75.204659"><ele>9.8</ele><time>2026-09-23T11:37:33.000Z</time></trkpt>
<trkpt lat="39.986531" lon="-75.204763"><ele>9.4</ele><time>2026-09-23T11:37:38.000Z</time></trkpt>
<trkpt lat="39.986388" lon="-75.204876"><ele>9.4</ele><time>2026-09-23T11:37:44.000Z</time></trkpt>
<trkpt lat="39.986246" lon="-75.205023"><ele>9.6</ele><time>2026-09-23T11:37:51.000Z</time></trkpt>
<trkpt lat="39.986196" lon="-75.205087"><ele>9.6</ele><time>2026-09-23T11:37:53.000Z</time></trkpt>
<trkpt lat="39.986044" lon="-75.205218"><ele>10.0</ele><time>2026-09-23T11:38:00.000Z</time></trkpt>
<trkpt lat="39.986019" lon="-75.205230"><ele>10.0</ele><time>2026-09-23T11:38:01.000Z</time></trkpt>
<trkpt lat="39.985901" lon="-75.205294"><ele>9.8</ele><time>2026-09-23T11:38:06.000Z</time></trkpt>
<trkpt lat="39.985710" lon="-75.205382"><ele>10.0</ele><time>2026-09-23T11:38:14.000Z</time></trkpt>
<trkpt lat="39.985567" lon="-75.205439"><ele>10.0</ele><time>2026-09-23T11:38:20.000Z</time></trkpt>
<trkpt lat="39.985385" lon="-75.205495"><ele>10.4</ele><time>2026-09-23T11:38:28.000Z</time></trkpt>
<trkpt lat="39.985271" lon="-75.205533"><ele>10.4</ele><time>2026-09-23T11:38:33.000Z</time></trkpt>
<trkpt lat="39.985220" lon="-75.205547"><ele>10.4</ele><time>2026-09-23T11:38:35.000Z</time></trkpt>
<trkpt lat="39.985164" lon="-75.205551"><ele>10.4</ele><time>2026-09-23T11:38:37.000Z</time></trkpt>
<trkpt lat="39.984963" lon="-75.205593"><ele>10.6</ele><time>2026-09-23T11:38:45.000Z</time></trkpt>
<trkpt lat="39.984823" lon="-75.205634"><ele>10.6</ele><time>2026-09-23T11:38:51.000Z</time></trkpt>
<trkpt lat="39.984668" lon="-75.205716"><ele>10.8</ele><time>2026-09-23T11:38:58.000Z</time></trkpt>
<trkpt lat="39.984583" lon="-75.205751"><ele>11.0</ele><time>2026-09-23T11:39:02.000Z</time></trkpt>
<trkpt lat="39.984500" lon="-75.205750"><ele>11.0</ele><time>2026-09-23T11:39:05.000Z</time></trkpt>
<trkpt lat="39.984358" lon="-75.205765"><ele>11.2</ele><time>2026-09-23T11:39:11.000Z</time></trkpt>
<trkpt lat="39.984197" lon="-75.205738"><ele>11.4</ele><time>2026-09-23T11:39:18.000Z</time></trkpt>
<trkpt lat="39.984011" lon="-75.205699"><ele>11.0</ele><time>2026-09-23T11:39:26.000Z</time></trkpt>
<trkpt lat="39.983987" lon="-75.205699"><ele>11.0</ele><time>2026-09-23T11:39:27.000Z</time></trkpt>
<trkpt lat="39.983824" lon="-75.205749"><ele>11.4</ele><time>2026-09-23T11:39:34.000Z</time></trkpt>
<trkpt lat="39.983642" lon="-75.205840"><ele>11.4</ele><time>2026-09-23T11:39:42.000Z</time></trkpt>
<trkpt lat="39.983497" lon="-75.205888"><ele>12.0</ele><time>2026-09-23T11:39:48.000Z</time></trkpt>
<trkpt lat="39.983449" lon="-75.205916"><ele>12.2</ele><time>2026-09-23T11:39:50.000Z</time></trkpt>
<trkpt lat="39.983303" lon="-75.206065"><ele>12.2</ele><time>2026-09-23T11:39:58.000Z</time></trkpt>
<trkpt lat="39.983142" lon="-75.206104"><ele>12.2</ele><time>2026-09-23T11:40:06.000Z</time></trkpt>
<trkpt lat="39.982954" lon="-75.206077"><ele>12.2</ele><time>2026-09-23T11:40:14.000Z</time></trkpt>
<trkpt lat="39.982756" lon="-75.206017"><ele>11.8</ele><time>2026-09-23T11:40:21.000Z</time></trkpt>
<trkpt lat="39.982725" lon="-75.206002"><ele>11.8</ele><time>2026-09-23T11:40:22.000Z</time></trkpt>
<trkpt lat="39.982526" lon="-75.205991"><ele>11.8</ele><time>2026-09-23T11:40:31.000Z</time></trkpt>
<trkpt lat="39.982473" lon="-75.205978"><ele>11.8</ele><time>2026-09-23T11:40:33.000Z</time></trkpt>
<trkpt lat="39.982283" lon="-75.205921"><ele>12.0</ele><time>2026-09-23T11:40:40.000Z</time></trkpt>
<trkpt lat="39.982238" lon="-75.205897"><ele>12.2</ele><time>2026-09-23T11:40:42.000Z</time></trkpt>
<trkpt lat="39.982053" lon="-75.205822"><ele>12.2</ele><time>2026-09-23T11:40:49.000Z</time></trkpt>
<trkpt lat="39.982016" lon="-75.205801"><ele>12.2</ele><time>2026-09-23T11:40:51.000Z</time></trkpt>
<trkpt lat="39.981860" lon="-75.205739"><ele>12.2</ele><time>2026-09-23T11:40:59.000Z</time></trkpt>
<trkpt lat="39.981667" lon="-75.205635"><ele>12.0</ele><time>2026-09-23T11:41:07.000Z</time></trkpt>
<trkpt lat="39.981636" lon="-75.205624"><ele>12.0</ele><time>2026-09-23T11:41:08.000Z</time></trkpt>
<trkpt lat="39.981473" lon="-75.205506"><ele>11.6</ele><time>2026-09-23T11:41:17.000Z</time></trkpt>
<trkpt lat="39.981455" lon="-75.205490"><ele>11.6</ele><time>2026-09-23T11:41:18.000Z</time></trkpt>
<trkpt lat="39.981288" lon="-75.205368"><ele>11.6</ele><time>2026-09-23T11:41:26.000Z</time></trkpt>
<trkpt lat="39.981267" lon="-75.205349"><ele>11.6</ele><time>2026-09-23T11:41:27.000Z</time></trkpt>
<trkpt lat="39.981146" lon="-75.205174"><ele>11.4</ele><time>2026-09-23T11:41:35.000Z</time></trkpt>
<trkpt lat="39.980992" lon="-75.205020"><ele>11.4</ele><time>2026-09-23T11:41:42.000Z</time></trkpt>
<trkpt lat="39.980933" lon="-75.204934"><ele>11.6</ele><time>2026-09-23T11:41:46.000Z</time></trkpt>
<trkpt lat="39.980813" lon="-75.204756"><ele>11.6</ele><time>2026-09-23T11:41:53.000Z</time></trkpt>
<trkpt lat="39.980751" lon="-75.204663"><ele>11.6</ele><time>2026-09-23T11:41:57.000Z</time></trkpt>
<trkpt lat="39.980628" lon="-75.204457"><ele>11.6</ele><time>2026-09-23T11:42:06.000Z</time></trkpt>
<trkpt lat="39.980615" lon="-75.204429"><ele>11.6</ele><time>2026-09-23T11:42:07.000Z</time></trkpt>
<trkpt lat="39.980497" lon="-75.204222"><ele>11.4</ele><time>2026-09-23T11:42:15.000Z</time></trkpt>
<trkpt lat="39.980481" lon="-75.204168"><ele>11.6</ele><time>2026-09-23T11:42:17.000Z</time></trkpt>
<trkpt lat="39.980367" lon="-75.203951"><ele>12.0</ele><time>2026-09-23T11:42:25.000Z</time></trkpt>
<trkpt lat="39.980273" lon="-75.203766"><ele>12.4</ele><time>2026-09-23T11:42:32.000Z</time></trkpt>
<trkpt lat="39.980190" lon="-75.203601"><ele>12.4</ele><time>2026-09-23T11:42:38.000Z</time></trkpt>
<trkpt lat="39.980089" lon="-75.203386"><ele>12.4</ele><time>2026-09-23T11:42:46.000Z</time></trkpt>
<trkpt lat="39.980050" lon="-75.203333"><ele>12.4</ele><time>2026-09-23T11:42:48.000Z</time></trkpt>
<trkpt lat="39.979933" lon="-75.203140"><ele>12.6</ele><time>2026-09-23T11:42:56.000Z</time></trkpt>
<trkpt lat="39.979874" lon="-75.203051"><ele>12.6</ele><time>2026-09-23T11:43:00.000Z</time></trkpt>
<trkpt lat="39.979790" lon="-75.202923"><ele>12.6</ele><time>2026-09-23T11:43:05.000Z</time></trkpt>
<trkpt lat="39.979681" lon="-75.202730"><ele>12.2</ele><time>2026-09-23T11:43:13.000Z</time></trkpt>
<trkpt lat="39.979580" lon="-75.202505"><ele>12.0</ele><time>2026-09-23T11:43:21.000Z</time></trkpt>
<trkpt lat="39.979448" lon="-75.202332"><ele>11.8</ele><time>2026-09-23T11:43:28.000Z</time></trkpt>
<trkpt lat="39.979418" lon="-75.202289"><ele>11.8</ele><time>2026-09-23T11:43:30.000Z</time></trkpt>
<trkpt lat="39.979299" lon="-75.202097"><ele>12.0</ele><time>2026-09-23T11:43:38.000Z</time></trkpt>
<trkpt lat="39.979265" lon="-75.202035"><ele>12.0</ele><time>2026-09-23T11:43:40.000Z</time></trkpt>
<trkpt lat="39.979134" lon="-75.201847"><ele>11.8</ele><time>2026-09-23T11:43:48.000Z</time></trkpt>
<trkpt lat="39.979115" lon="-75.201822"><ele>11.8</ele><time>2026-09-23T11:43:49.000Z</time></trkpt>
<trkpt lat="39.979022" lon="-75.201650"><ele>11.8</ele><time>2026-09-23T11:43:55.000Z</time></trkpt>
<trkpt lat="39.978883" lon="-75.201454"><ele>11.8</ele><time>2026-09-23T11:44:02.000Z</time></trkpt>
<trkpt lat="39.978810" lon="-75.201353"><ele>11.6</ele><time>2026-09-23T11:44:07.000Z</time></trkpt>
<trkpt lat="39.978669" lon="-75.201188"><ele>11.4</ele><time>2026-09-23T11:44:14.000Z</time></trkpt>
<trkpt lat="39.978615" lon="-75.201093"><ele>11.4</ele><time>2026-09-23T11:44:18.000Z</time></trkpt>
<trkpt lat="39.978491" lon="-75.200973"><ele>11.6</ele><time>2026-09-23T11:44:25.000Z</time></trkpt>
<trkpt lat="39.978421" lon="-75.200893"><ele>11.6</ele><time>2026-09-23T11:44:29.000Z</time></trkpt>
<trkpt lat="39.978363" lon="-75.200831"><ele>11.4</ele><time>2026-09-23T11:44:32.000Z</time></trkpt>
<trkpt lat="39.978326" lon="-75.200794"><ele>11.4</ele><time>2026-09-23T11:44:34.000Z</time></trkpt>
<trkpt lat="39.978175" lon="-75.200629"><ele>11.4</ele><time>2026-09-23T11:44:42.000Z</time></trkpt>
<trkpt lat="39.978159" lon="-75.200606"><ele>11.4</ele><time>2026-09-23T11:44:43.000Z</time></trkpt>
<trkpt lat="39.978034" lon="-75.200404"><ele>11.0</ele><time>2026-09-23T11:44:51.000Z</time></trkpt>
<trkpt lat="39.978021" lon="-75.200375"><ele>11.0</ele><time>2026-09-23T11:44:52.000Z</time></trkpt>
<trkpt lat="39.978005" lon="-75.200338"><ele>11.0</ele><time>2026-09-23T11:44:53.000Z</time></trkpt>
<trkpt lat="39.977910" lon="-75.200121"><ele>10.8</ele><time>2026-09-23T11:45:00.000Z</time></trkpt>
<trkpt lat="39.977881" lon="-75.200064"><ele>10.6</ele><time>2026-09-23T11:45:02.000Z</time></trkpt>
<trkpt lat="39.977787" lon="-75.199846"><ele>10.6</ele><time>2026-09-23T11:45:10.000Z</time></trkpt>
<trkpt lat="39.977754" lon="-75.199764"><ele>10.6</ele><time>2026-09-23T11:45:13.000Z</time></trkpt>
<trkpt lat="39.977694" lon="-75.199534"><ele>11.0</ele><time>2026-09-23T11:45:21.000Z</time></trkpt>
<trkpt lat="39.977685" lon="-75.199504"><ele>11.0</ele><time>2026-09-23T11:45:22.000Z</time></trkpt>
<trkpt lat="39.977658" lon="-75.199325"><ele>11.2</ele><time>2026-09-23T11:45:28.000Z</time></trkpt>
<trkpt lat="39.977648" lon="-75.199293"><ele>11.2</ele><time>2026-09-23T11:45:29.000Z</time></trkpt>
<trkpt lat="39.977596" lon="-75.199059"><ele>11.4</ele><time>2026-09-23T11:45:37.000Z</time></trkpt>
<trkpt lat="39.977584" lon="-75.198997"><ele>11.6</ele><time>2026-09-23T11:45:39.000Z</time></trkpt>
<trkpt lat="39.977524" lon="-75.198762"><ele>11.4</ele><time>2026-09-23T11:45:47.000Z</time></trkpt>
<trkpt lat="39.977510" lon="-75.198702"><ele>11.4</ele><time>2026-09-23T11:45:49.000Z</time></trkpt>
<trkpt lat="39.977448" lon="-75.198469"><ele>11.2</ele><time>2026-09-23T11:45:57.000Z</time></trkpt>
<trkpt lat="39.977431" lon="-75.198376"><ele>11.4</ele><time>2026-09-23T11:46:00.000Z</time></trkpt>
<trkpt lat="39.977371" lon="-75.198144"><ele>11.6</ele><time>2026-09-23T11:46:08.000Z</time></trkpt>
<trkpt lat="39.977317" lon="-75.197953"><ele>11.6</ele><time>2026-09-23T11:46:14.000Z</time></trkpt>
<trkpt lat="39.977290" lon="-75.197866"><ele>11.6</ele><time>2026-09-23T11:46:17.000Z</time></trkpt>
<trkpt lat="39.977236" lon="-75.197620"><ele>11.6</ele><time>2026-09-23T11:46:25.000Z</time></trkpt>
<trkpt lat="39.977221" lon="-75.197559"><ele>11.4</ele><time>2026-09-23T11:46:27.000Z</time></trkpt>
<trkpt lat="39.977161" lon="-75.197314"><ele>11.6</ele><time>2026-09-23T11:46:35.000Z</time></trkpt>
<trkpt lat="39.977148" lon="-75.197223"><ele>11.6</ele><time>2026-09-23T11:46:38.000Z</time></trkpt>
<trkpt lat="39.977086" lon="-75.196971"><ele>11.6</ele><time>2026-09-23T11:46:46.000Z</time></trkpt>
<trkpt lat="39.977077" lon="-75.196874"><ele>11.8</ele><time>2026-09-23T11:46:49.000Z</time></trkpt>
<trkpt lat="39.977023" lon="-75.196633"><ele>11.6</ele><time>2026-09-23T11:46:57.000Z</time></trkpt>
<trkpt lat="39.976995" lon="-75.196515"><ele>11.4</ele><time>2026-09-23T11:47:01.000Z</time></trkpt>
<trkpt lat="39.976916" lon="-75.196280"><ele>11.2</ele><time>2026-09-23T11:47:09.000Z</time></trkpt>
<trkpt lat="39.976902" lon="-75.196189"><ele>11.2</ele><time>2026-09-23T11:47:12.000Z</time></trkpt>
<trkpt lat="39.976836" lon="-75.195965"><ele>11.2</ele><time>2026-09-23T11:47:20.000Z</time></trkpt>
<trkpt lat="39.976802" lon="-75.195876"><ele>11.4</ele><time>2026-09-23T11:47:23.000Z</time></trkpt>
<trkpt lat="39.976715" lon="-75.195649"><ele>11.4</ele><time>2026-09-23T11:47:31.000Z</time></trkpt>
<trkpt lat="39.976644" lon="-75.195513"><ele>11.6</ele><time>2026-09-23T11:47:36.000Z</time></trkpt>
<trkpt lat="39.976536" lon="-75.195314"><ele>11.2</ele><time>2026-09-23T11:47:44.000Z</time></trkpt>
<trkpt lat="39.976503" lon="-75.195263"><ele>11.4</ele><time>2026-09-23T11:47:46.000Z</time></trkpt>
<trkpt lat="39.976381" lon="-75.195067"><ele>11.6</ele><time>2026-09-23T11:47:54.000Z</time></trkpt>
<trkpt lat="39.976242" lon="-75.194886"><ele>11.4</ele><time>2026-09-23T11:48:02.000Z</time></trkpt>
<trkpt lat="39.976095" lon="-75.194702"><ele>11.2</ele><time>2026-09-23T11:48:10.000Z</time></trkpt>
<trkpt lat="39.976071" lon="-75.194674"><ele>11.2</ele><time>2026-09-23T11:48:11.000Z</time></trkpt>
<trkpt lat="39.975913" lon="-75.194492"><ele>11.6</ele><time>2026-09-23T11:48:17.000Z</time></trkpt>
<trkpt lat="39.975881" lon="-75.194449"><ele>11.6</ele><time>2026-09-23T11:48:19.000Z</time></trkpt>
<trkpt lat="39.975861" lon="-75.194442"><ele>11.6</ele><time>2026-09-23T11:48:20.000Z</time></trkpt>
<trkpt lat="39.975810" lon="-75.194385"><ele>11.2</ele><time>2026-09-23T11:48:23.000Z</time></trkpt>
<trkpt lat="39.975678" lon="-75.194301"><ele>11.0</ele><time>2026-09-23T11:48:29.000Z</time></trkpt>
<trkpt lat="39.975528" lon="-75.194193"><ele>10.6</ele><time>2026-09-23T11:48:37.000Z</time></trkpt>
<trkpt lat="39.975419" lon="-75.194100"><ele>10.2</ele><time>2026-09-23T11:48:42.000Z</time></trkpt>
<trkpt lat="39.975366" lon="-75.194081"><ele>10.0</ele><time>2026-09-23T11:48:44.000Z</time></trkpt>
<trkpt lat="39.975306" lon="-75.194048"><ele>9.8</ele><time>2026-09-23T11:48:46.000Z</time></trkpt>
<trkpt lat="39.975144" lon="-75.193989"><ele>9.8</ele><time>2026-09-23T11:48:52.000Z</time></trkpt>
<trkpt lat="39.975103" lon="-75.193986"><ele>10.0</ele><time>2026-09-23T11:48:54.000Z</time></trkpt>
<trkpt lat="39.975060" lon="-75.193988"><ele>10.0</ele><time>2026-09-23T11:48:56.000Z</time></trkpt>
<trkpt lat="39.974904" lon="-75.193965"><ele>10.0</ele><time>2026-09-23T11:49:03.000Z</time></trkpt>
<trkpt lat="39.974733" lon="-75.193889"><ele>9.6</ele><time>2026-09-23T11:49:10.000Z</time></trkpt>
<trkpt lat="39.974606" lon="-75.193845"><ele>9.8</ele><time>2026-09-23T11:49:15.000Z</time></trkpt>
<trkpt lat="39.974428" lon="-75.193771"><ele>10.0</ele><time>2026-09-23T11:49:23.000Z</time></trkpt>
<trkpt lat="39.974368" lon="-75.193753"><ele>10.0</ele><time>2026-09-23T11:49:26.000Z</time></trkpt>
<trkpt lat="39.974257" lon="-75.193717"><ele>10.2</ele><time>2026-09-23T11:49:31.000Z</time></trkpt>
<trkpt lat="39.974175" lon="-75.193686"><ele>10.2</ele><time>2026-09-23T11:49:35.000Z</time></trkpt>
<trkpt lat="39.973991" lon="-75.193618"><ele>10.4</ele><time>2026-09-23T11:49:43.000Z</time></trkpt>
<trkpt lat="39.973805" lon="-75.193536"><ele>10.2</ele><time>2026-09-23T11:49:51.000Z</time></trkpt>
<trkpt lat="39.973623" lon="-75.193465"><ele>10.2</ele><time>2026-09-23T11:49:59.000Z</time></trkpt>
<trkpt lat="39.973574" lon="-75.193447"><ele>10.2</ele><time>2026-09-23T11:50:01.000Z</time></trkpt>
<trkpt lat="39.973446" lon="-75.193414"><ele>10.2</ele><time>2026-09-23T11:50:07.000Z</time></trkpt>
<trkpt lat="39.973252" lon="-75.193356"><ele>10.6</ele><time>2026-09-23T11:50:15.000Z</time></trkpt>
<trkpt lat="39.973139" lon="-75.193325"><ele>10.6</ele><time>2026-09-23T11:50:20.000Z</time></trkpt>
<trkpt lat="39.973068" lon="-75.193310"><ele>10.6</ele><time>2026-09-23T11:50:23.000Z</time></trkpt>
<trkpt lat="39.972878" lon="-75.193272"><ele>10.4</ele><time>2026-09-23T11:50:31.000Z</time></trkpt>
<trkpt lat="39.972694" lon="-75.193172"><ele>10.4</ele><time>2026-09-23T11:50:39.000Z</time></trkpt>
<trkpt lat="39.972509" lon="-75.193126"><ele>10.4</ele><time>2026-09-23T11:50:47.000Z</time></trkpt>
<trkpt lat="39.972486" lon="-75.193117"><ele>10.4</ele><time>2026-09-23T11:50:48.000Z</time></trkpt>
<trkpt lat="39.972294" lon="-75.193060"><ele>10.4</ele><time>2026-09-23T11:50:56.000Z</time></trkpt>
<trkpt lat="39.972268" lon="-75.193052"><ele>10.4</ele><time>2026-09-23T11:50:57.000Z</time></trkpt>
<trkpt lat="39.972089" lon="-75.193003"><ele>10.0</ele><time>2026-09-23T11:51:04.000Z</time></trkpt>
<trkpt lat="39.971965" lon="-75.192959"><ele>9.8</ele><time>2026-09-23T11:51:09.000Z</time></trkpt>
<trkpt lat="39.971774" lon="-75.192905"><ele>9.6</ele><time>2026-09-23T11:51:17.000Z</time></trkpt>
<trkpt lat="39.971725" lon="-75.192899"><ele>9.6</ele><time>2026-09-23T11:51:19.000Z</time></trkpt>
<trkpt lat="39.971547" lon="-75.192842"><ele>9.6</ele><time>2026-09-23T11:51:27.000Z</time></trkpt>
<trkpt lat="39.971522" lon="-75.192832"><ele>9.6</ele><time>2026-09-23T11:51:28.000Z</time></trkpt>
<trkpt lat="39.971350" lon="-75.192787"><ele>9.2</ele><time>2026-09-23T11:51:35.000Z</time></trkpt>
<trkpt lat="39.971159" lon="-75.192727"><ele>9.0</ele><time>2026-09-23T11:51:43.000Z</time></trkpt>
<trkpt lat="39.971134" lon="-75.192719"><ele>9.0</ele><time>2026-09-23T11:51:44.000Z</time></trkpt>
<trkpt lat="39.970956" lon="-75.192663"><ele>9.0</ele><time>2026-09-23T11:51:52.000Z</time></trkpt>
<trkpt lat="39.970935" lon="-75.192657"><ele>9.0</ele><time>2026-09-23T11:51:53.000Z</time></trkpt>
<trkpt lat="39.970748" lon="-75.192582"><ele>9.2</ele><time>2026-09-23T11:52:01.000Z</time></trkpt>
<trkpt lat="39.970568" lon="-75.192491"><ele>9.0</ele><time>2026-09-23T11:52:09.000Z</time></trkpt>
<trkpt lat="39.970456" lon="-75.192424"><ele>8.8</ele><time>2026-09-23T11:52:14.000Z</time></trkpt>
<trkpt lat="39.970434" lon="-75.192412"><ele>8.8</ele><time>2026-09-23T11:52:15.000Z</time></trkpt>
<trkpt lat="39.970262" lon="-75.192304"><ele>9.0</ele><time>2026-09-23T11:52:23.000Z</time></trkpt>
<trkpt lat="39.970097" lon="-75.192198"><ele>9.0</ele><time>2026-09-23T11:52:31.000Z</time></trkpt>
<trkpt lat="39.970077" lon="-75.192184"><ele>9.0</ele><time>2026-09-23T11:52:32.000Z</time></trkpt>
<trkpt lat="39.969920" lon="-75.192062"><ele>9.0</ele><time>2026-09-23T11:52:40.000Z</time></trkpt>
<trkpt lat="39.969900" lon="-75.192047"><ele>9.0</ele><time>2026-09-23T11:52:41.000Z</time></trkpt>
<trkpt lat="39.969737" lon="-75.191925"><ele>9.2</ele><time>2026-09-23T11:52:49.000Z</time></trkpt>
<trkpt lat="39.969718" lon="-75.191906"><ele>9.2</ele><time>2026-09-23T11:52:50.000Z</time></trkpt>
<trkpt lat="39.969568" lon="-75.191770"><ele>9.4</ele><time>2026-09-23T11:52:58.000Z</time></trkpt>
<trkpt lat="39.969489" lon="-75.191692"><ele>9.6</ele><time>2026-09-23T11:53:02.000Z</time></trkpt>
<trkpt lat="39.969343" lon="-75.191532"><ele>9.6</ele><time>2026-09-23T11:53:10.000Z</time></trkpt>
<trkpt lat="39.969308" lon="-75.191493"><ele>9.6</ele><time>2026-09-23T11:53:12.000Z</time></trkpt>
<trkpt lat="39.969182" lon="-75.191353"><ele>9.8</ele><time>2026-09-23T11:53:19.000Z</time></trkpt>
<trkpt lat="39.969028" lon="-75.191184"><ele>9.8</ele><time>2026-09-23T11:53:27.000Z</time></trkpt>
<trkpt lat="39.969007" lon="-75.191160"><ele>9.8</ele><time>2026-09-23T11:53:28.000Z</time></trkpt>
<trkpt lat="39.968985" lon="-75.191134"><ele>9.8</ele><time>2026-09-23T11:53:29.000Z</time></trkpt>
<trkpt lat="39.968854" lon="-75.190960"><ele>9.6</ele><time>2026-09-23T11:53:36.000Z</time></trkpt>
<trkpt lat="39.968816" lon="-75.190908"><ele>9.6</ele><time>2026-09-23T11:53:38.000Z</time></trkpt>
<trkpt lat="39.968676" lon="-75.190725"><ele>9.4</ele><time>2026-09-23T11:53:46.000Z</time></trkpt>
<trkpt lat="39.968615" lon="-75.190668"><ele>9.4</ele><time>2026-09-23T11:53:49.000Z</time></trkpt>
<trkpt lat="39.968474" lon="-75.190479"><ele>9.4</ele><time>2026-09-23T11:53:57.000Z</time></trkpt>
<trkpt lat="39.968458" lon="-75.190453"><ele>9.4</ele><time>2026-09-23T11:53:58.000Z</time></trkpt>
<trkpt lat="39.968338" lon="-75.190258"><ele>9.0</ele><time>2026-09-23T11:54:06.000Z</time></trkpt>
<trkpt lat="39.968309" lon="-75.190207"><ele>9.0</ele><time>2026-09-23T11:54:08.000Z</time></trkpt>
<trkpt lat="39.968194" lon="-75.190008"><ele>9.4</ele><time>2026-09-23T11:54:16.000Z</time></trkpt>
<trkpt lat="39.968138" lon="-75.189903"><ele>9.6</ele><time>2026-09-23T11:54:20.000Z</time></trkpt>
<trkpt lat="39.968041" lon="-75.189691"><ele>9.2</ele><time>2026-09-23T11:54:28.000Z</time></trkpt>
<trkpt lat="39.968028" lon="-75.189667"><ele>9.2</ele><time>2026-09-23T11:54:29.000Z</time></trkpt>
<trkpt lat="39.967938" lon="-75.189446"><ele>9.0</ele><time>2026-09-23T11:54:37.000Z</time></trkpt>
<trkpt lat="39.967915" lon="-75.189395"><ele>9.0</ele><time>2026-09-23T11:54:39.000Z</time></trkpt>
<trkpt lat="39.967819" lon="-75.189166"><ele>9.0</ele><time>2026-09-23T11:54:47.000Z</time></trkpt>
<trkpt lat="39.967736" lon="-75.188934"><ele>9.4</ele><time>2026-09-23T11:54:55.000Z</time></trkpt>
<trkpt lat="39.967707" lon="-75.188874"><ele>9.4</ele><time>2026-09-23T11:54:57.000Z</time></trkpt>
<trkpt lat="39.967631" lon="-75.188667"><ele>9.2</ele><time>2026-09-23T11:55:04.000Z</time></trkpt>
<trkpt lat="39.967531" lon="-75.188475"><ele>8.8</ele><time>2026-09-23T11:55:11.000Z</time></trkpt>
<trkpt lat="39.967517" lon="-75.188446"><ele>8.8</ele><time>2026-09-23T11:55:12.000Z</time></trkpt>
<trkpt lat="39.967430" lon="-75.188215"><ele>8.2</ele><time>2026-09-23T11:55:20.000Z</time></trkpt>
<trkpt lat="39.967324" lon="-75.188019"><ele>8.4</ele><time>2026-09-23T11:55:27.000Z</time></trkpt>
<trkpt lat="39.967268" lon="-75.187911"><ele>7.6</ele><time>2026-09-23T11:55:31.000Z</time></trkpt>
<trkpt lat="39.967255" lon="-75.187888"><ele>7.6</ele><time>2026-09-23T11:55:32.000Z</time></trkpt>
<trkpt lat="39.967135" lon="-75.187686"><ele>8.6</ele><time>2026-09-23T11:55:40.000Z</time></trkpt>
<trkpt lat="39.967103" lon="-75.187635"><ele>8.8</ele><time>2026-09-23T11:55:42.000Z</time></trkpt>
<trkpt lat="39.967072" lon="-75.187584"><ele>8.6</ele><time>2026-09-23T11:55:44.000Z</time></trkpt>
<trkpt lat="39.966966" lon="-75.187417"><ele>8.4</ele><time>2026-09-23T11:55:51.000Z</time></trkpt>
<trkpt lat="39.966916" lon="-75.187347"><ele>8.2</ele><time>2026-09-23T11:55:54.000Z</time></trkpt>
<trkpt lat="39.966903" lon="-75.187322"><ele>8.2</ele><time>2026-09-23T11:55:55.000Z</time></trkpt>
<trkpt lat="39.966777" lon="-75.187145"><ele>8.8</ele><time>2026-09-23T11:56:03.000Z</time></trkpt>
<trkpt lat="39.966760" lon="-75.187121"><ele>8.8</ele><time>2026-09-23T11:56:04.000Z</time></trkpt>
<trkpt lat="39.966714" lon="-75.187052"><ele>8.8</ele><time>2026-09-23T11:56:07.000Z</time></trkpt>
<trkpt lat="39.966614" lon="-75.186929"><ele>8.4</ele><time>2026-09-23T11:56:13.000Z</time></trkpt>
<trkpt lat="39.966482" lon="-75.186752"><ele>8.6</ele><time>2026-09-23T11:56:21.000Z</time></trkpt>
<trkpt lat="39.966431" lon="-75.186688"><ele>8.6</ele><time>2026-09-23T11:56:24.000Z</time></trkpt>
<trkpt lat="39.966326" lon="-75.186543"><ele>8.6</ele><time>2026-09-23T11:56:31.000Z</time></trkpt>
<trkpt lat="39.966184" lon="-75.186370"><ele>8.8</ele><time>2026-09-23T11:56:39.000Z</time></trkpt>
<trkpt lat="39.966132" lon="-75.186304"><ele>9.0</ele><time>2026-09-23T11:56:42.000Z</time></trkpt>
<trkpt lat="39.966013" lon="-75.186119"><ele>8.8</ele><time>2026-09-23T11:56:50.000Z</time></trkpt>
<trkpt lat="39.965867" lon="-75.185939"><ele>8.8</ele><time>2026-09-23T11:56:58.000Z</time></trkpt>
<trkpt lat="39.965773" lon="-75.185808"><ele>8.8</ele><time>2026-09-23T11:57:04.000Z</time></trkpt>
<trkpt lat="39.965649" lon="-75.185629"><ele>9.0</ele><time>2026-09-23T11:57:12.000Z</time></trkpt>
<trkpt lat="39.965584" lon="-75.185542"><ele>9.0</ele><time>2026-09-23T11:57:16.000Z</time></trkpt>
<trkpt lat="39.965440" lon="-75.185357"><ele>9.2</ele><time>2026-09-23T11:57:24.000Z</time></trkpt>
<trkpt lat="39.965404" lon="-75.185312"><ele>9.2</ele><time>2026-09-23T11:57:26.000Z</time></trkpt>
<trkpt lat="39.965260" lon="-75.185137"><ele>9.2</ele><time>2026-09-23T11:57:34.000Z</time></trkpt>
<trkpt lat="39.965242" lon="-75.185115"><ele>9.2</ele><time>2026-09-23T11:57:35.000Z</time></trkpt>
<trkpt lat="39.965134" lon="-75.185020"><ele>9.8</ele><time>2026-09-23T11:57:40.000Z</time></trkpt>
<trkpt lat="39.965077" lon="-75.184957"><ele>9.6</ele><time>2026-09-23T11:57:43.000Z</time></trkpt>
<trkpt lat="39.964942" lon="-75.184801"><ele>9.8</ele><time>2026-09-23T11:57:50.000Z</time></trkpt>
<trkpt lat="39.964897" lon="-75.184731"><ele>10.2</ele><time>2026-09-23T11:57:53.000Z</time></trkpt>
<trkpt lat="39.964831" lon="-75.184601"><ele>10.8</ele><time>2026-09-23T11:57:58.000Z</time></trkpt>
<trkpt lat="39.964771" lon="-75.184465"><ele>10.8</ele><time>2026-09-23T11:58:03.000Z</time></trkpt>
<trkpt lat="39.964700" lon="-75.184244"><ele>10.2</ele><time>2026-09-23T11:58:11.000Z</time></trkpt>
<trkpt lat="39.964695" lon="-75.184216"><ele>10.2</ele><time>2026-09-23T11:58:12.000Z</time></trkpt>
<trkpt lat="39.964630" lon="-75.183979"><ele>10.6</ele><time>2026-09-23T11:58:20.000Z</time></trkpt>
<trkpt lat="39.964612" lon="-75.183919"><ele>10.8</ele><time>2026-09-23T11:58:22.000Z</time></trkpt>
<trkpt lat="39.964572" lon="-75.183747"><ele>10.8</ele><time>2026-09-23T11:58:28.000Z</time></trkpt>
<trkpt lat="39.964524" lon="-75.183578"><ele>11.0</ele><time>2026-09-23T11:58:34.000Z</time></trkpt>
<trkpt lat="39.964461" lon="-75.183340"><ele>10.6</ele><time>2026-09-23T11:58:43.000Z</time></trkpt>
<trkpt lat="39.964419" lon="-75.183260"><ele>11.4</ele><time>2026-09-23T11:58:47.000Z</time></trkpt>
<trkpt lat="39.964403" lon="-75.183251"><ele>11.6</ele><time>2026-09-23T11:58:48.000Z</time></trkpt>
<trkpt lat="39.964361" lon="-75.183233"><ele>11.6</ele><time>2026-09-23T11:58:51.000Z</time></trkpt>
<trkpt lat="39.964354" lon="-75.183218"><ele>11.6</ele><time>2026-09-23T11:58:52.000Z</time></trkpt>
<trkpt lat="39.964310" lon="-75.183030"><ele>11.6</ele><time>2026-09-23T11:58:58.000Z</time></trkpt>
<trkpt lat="39.964288" lon="-75.182810"><ele>11.2</ele><time>2026-09-23T11:59:05.000Z</time></trkpt>
<trkpt lat="39.964236" lon="-75.182547"><ele>11.2</ele><time>2026-09-23T11:59:12.000Z</time></trkpt>
<trkpt lat="39.964194" lon="-75.182360"><ele>11.4</ele><time>2026-09-23T11:59:17.000Z</time></trkpt>
<trkpt lat="39.964141" lon="-75.182126"><ele>11.4</ele><time>2026-09-23T11:59:24.000Z</time></trkpt>
<trkpt lat="39.964120" lon="-75.182072"><ele>11.4</ele><time>2026-09-23T11:59:26.000Z</time></trkpt>
<trkpt lat="39.964075" lon="-75.181857"><ele>11.4</ele><time>2026-09-23T11:59:33.000Z</time></trkpt>
<trkpt lat="39.964001" lon="-75.181616"><ele>11.6</ele><time>2026-09-23T11:59:41.000Z</time></trkpt>
<trkpt lat="39.963994" lon="-75.181584"><ele>11.6</ele><time>2026-09-23T11:59:42.000Z</time></trkpt>
<trkpt lat="39.963962" lon="-75.181365"><ele>11.8</ele><time>2026-09-23T11:59:49.000Z</time></trkpt>
<trkpt lat="39.963950" lon="-75.181300"><ele>12.0</ele><time>2026-09-23T11:59:51.000Z</time></trkpt>
<trkpt lat="39.963908" lon="-75.181074"><ele>12.6</ele><time>2026-09-23T11:59:59.000Z</time></trkpt>
<trkpt lat="39.963909" lon="-75.181011"><ele>12.8</ele><time>2026-09-23T12:00:01.000Z</time></trkpt>
<trkpt lat="39.963907" lon="-75.180851"><ele>13.4</ele><time>2026-09-23T12:00:06.000Z</time></trkpt>
<trkpt lat="39.963962" lon="-75.180616"><ele>14.2</ele><time>2026-09-23T12:00:14.000Z</time></trkpt>
<trkpt lat="39.963971" lon="-75.180588"><ele>14.4</ele><time>2026-09-23T12:00:15.000Z</time></trkpt>
<trkpt lat="39.964074" lon="-75.180447"><ele>15.6</ele><time>2026-09-23T12:00:21.000Z</time></trkpt>
<trkpt lat="39.964095" lon="-75.180431"><ele>15.6</ele><time>2026-09-23T12:00:22.000Z</time></trkpt>
<trkpt lat="39.964215" lon="-75.180277"><ele>15.0</ele><time>2026-09-23T12:00:28.000Z</time></trkpt>
<trkpt lat="39.964324" lon="-75.180076"><ele>15.2</ele><time>2026-09-23T12:00:36.000Z</time></trkpt>
<trkpt lat="39.964428" lon="-75.179932"><ele>15.4</ele><time>2026-09-23T12:00:42.000Z</time></trkpt>
<trkpt lat="39.964483" lon="-75.179864"><ele>15.6</ele><time>2026-09-23T12:00:45.000Z</time></trkpt>
<trkpt lat="39.964601" lon="-75.179680"><ele>15.0</ele><time>2026-09-23T12:00:53.000Z</time></trkpt>
<trkpt lat="39.964616" lon="-75.179660"><ele>15.0</ele><time>2026-09-23T12:00:55.000Z</time></trkpt>
<trkpt lat="39.964640" lon="-75.179669"><ele>15.6</ele><time>2026-09-23T12:00:59.000Z</time></trkpt>
<trkpt lat="39.964648" lon="-75.179685"><ele>15.6</ele><time>2026-09-23T12:01:01.000Z</time></trkpt>
<trkpt lat="39.964637" lon="-75.179687"><ele>15.6</ele><time>2026-09-23T12:01:03.000Z</time></trkpt>
</trkseg></trk>
</gpx>
